-15.142666,-18.121187,1.000000
13.055035,9.445506,0.000000
-13.618531,-8.141030,1.000000
-14.367327,-11.119844,1.000000
-11.636752,-13.343746,1.000000
-10.641712,-12.324683,1.000000
15.666975,-12.041443,2.000000
-9.768693,-15.266962,1.000000
10.125790,8.255876,0.000000
6.999284,-4.383686,2.000000
6.376925,-8.347076,2.000000
-10.011103,-11.699374,1.000000
-9.030678,-7.014029,1.000000
-7.501478,-8.563202,1.000000
4.844518,-10.517324,2.000000
8.783811,-8.462521,2.000000
-12.106107,-10.140574,1.000000
10.892337,8.471922,0.000000
-8.131847,-8.740942,1.000000
10.161279,-8.542703,2.000000
-9.588197,-10.208337,1.000000
5.806623,-7.771985,2.000000
-9.539363,-7.310873,1.000000
-8.867747,-11.719259,1.000000
7.922571,9.556655,0.000000
8.694283,12.361170,0.000000
7.683897,7.856547,0.000000
-9.740626,-11.088916,1.000000
14.191400,-6.009230,2.000000
-15.230084,-14.627605,1.000000
9.055665,-1.211756,2.000000
-11.008020,-8.051460,1.000000
-10.310224,-6.982923,1.000000
8.023471,7.054138,0.000000
10.399869,18.235858,0.000000
11.867059,-13.122376,2.000000
10.224410,9.602985,0.000000
-8.689563,-7.199684,1.000000
8.594828,-11.703977,2.000000
8.629462,-15.268467,2.000000
-10.573408,-11.883594,1.000000
12.839718,-11.961340,2.000000
8.131082,12.130664,0.000000
3.571746,2.219228,0.000000
12.539407,-9.042204,2.000000
7.516476,-8.981205,2.000000
-11.859177,-9.341512,1.000000
11.287503,-13.839051,2.000000
9.697351,-8.837068,2.000000
8.714190,6.492305,0.000000
6.968337,6.480931,0.000000
-8.145145,-11.308628,1.000000
12.767737,14.788821,0.000000
9.203570,9.660830,0.000000
-8.004646,-9.641812,1.000000
5.936963,-4.431649,2.000000
-6.065541,-6.538520,1.000000
-12.998273,-10.482376,1.000000
-2.877739,-9.174482,1.000000
7.391443,6.264760,0.000000
-7.888320,-8.317067,1.000000
-4.037975,-8.636821,1.000000
9.001403,9.363626,0.000000
12.310628,-12.104598,2.000000
9.919972,11.510301,0.000000
-10.772400,-14.525169,1.000000
11.422264,-13.198692,2.000000
12.386188,7.242879,0.000000
-9.433888,-12.186884,1.000000
7.431986,-12.140970,2.000000
11.879828,13.887055,0.000000
11.950271,10.489860,0.000000
8.800278,16.001839,0.000000
6.052674,-13.220586,2.000000
-13.669179,-13.872100,1.000000
13.520892,-11.741189,2.000000
11.391804,6.875272,0.000000
11.298592,-8.426852,2.000000
5.545006,10.218166,0.000000
12.501821,10.559156,0.000000
-9.771391,-9.461229,1.000000
-11.957921,-9.945718,1.000000
12.516787,-10.118305,2.000000
8.250837,-11.538545,2.000000
9.625340,10.315909,0.000000
-10.631121,-13.134667,1.000000
6.216832,-12.602277,2.000000
-14.050327,-11.030384,1.000000
-14.317714,-9.271383,1.000000
5.248570,12.203779,0.000000
8.444539,-13.517419,2.000000
6.667452,-7.013867,2.000000
11.797629,10.994602,0.000000
11.687824,14.791532,0.000000
12.554621,10.937497,0.000000
5.392210,-9.231428,2.000000
-10.540036,-7.402796,1.000000
5.883883,-9.574776,2.000000
-10.162307,-6.452796,1.000000
10.573343,-12.262809,2.000000
-11.433848,-8.741511,1.000000
13.486052,8.935332,0.000000
-9.913509,-13.447088,1.000000
13.192015,13.107207,0.000000
-13.842687,-9.138660,1.000000
10.602074,12.323080,0.000000
-10.141868,-6.934793,1.000000
10.086053,7.555223,0.000000
-2.219805,-12.260239,1.000000
9.019203,-3.487600,2.000000
-11.621876,-7.979244,1.000000
8.947506,-9.301409,2.000000
13.067627,-7.981896,2.000000
12.340751,11.007556,0.000000
11.505077,-13.220471,2.000000
11.695122,9.395573,0.000000
10.884390,8.051651,0.000000
-8.632792,-12.667556,1.000000
9.345674,-6.038920,2.000000
14.939226,15.118301,0.000000
6.048152,-13.629102,2.000000
8.587354,-6.011584,2.000000
6.668444,-8.251900,2.000000
-14.722454,-12.191523,1.000000
-11.664930,-10.539808,1.000000
3.407190,7.293269,0.000000
10.584953,-10.480138,2.000000
10.950257,13.848091,0.000000
9.332474,-9.735774,2.000000
-8.295698,-10.626494,1.000000
14.257559,-9.996805,2.000000
-12.773763,-11.781445,1.000000
-8.697550,-9.290336,1.000000
9.708368,8.426370,0.000000
13.255714,-13.337427,2.000000
9.253461,-14.346021,2.000000
8.625676,12.164340,0.000000
4.770656,11.847350,0.000000
8.350628,-14.260726,2.000000
-14.572850,-10.920175,1.000000
11.999385,9.582480,0.000000
-9.275954,-5.804402,1.000000
10.695834,-9.314567,2.000000
15.480871,8.527349,0.000000
12.924119,9.056203,0.000000
12.549810,-9.371563,2.000000
-9.463322,-9.018997,1.000000
11.269753,12.412928,0.000000
-7.860051,-8.130396,1.000000
-7.812521,-8.906196,1.000000
11.843824,11.811472,0.000000
-9.447918,-12.480924,1.000000
-7.444531,-10.443804,1.000000
12.335487,-4.986885,2.000000
6.079635,-12.388361,2.000000
14.393858,13.218295,0.000000
11.680511,13.114415,0.000000
6.092174,9.601404,0.000000
14.882660,7.922971,0.000000
6.187119,-14.420517,2.000000
7.444655,8.863624,0.000000
5.326241,13.561965,0.000000
10.028664,-8.808204,2.000000
11.035858,-10.697092,2.000000
12.370021,-4.238718,2.000000
12.076220,12.148789,0.000000
-13.416828,-10.101677,1.000000
10.896859,-4.118309,2.000000
7.118931,-12.634600,2.000000
-5.459306,-13.613539,1.000000
7.342078,10.416053,0.000000
7.974224,8.008390,0.000000
-7.670660,-9.794139,1.000000
5.705594,-14.559848,2.000000
10.066976,-10.859030,2.000000
-9.210930,-16.703847,1.000000
-12.597937,-9.174091,1.000000
15.397163,4.775970,0.000000
10.716815,-9.788323,2.000000
4.239216,9.270204,0.000000
13.030654,-11.727573,2.000000
3.718507,13.395025,0.000000
-12.617269,-10.925273,1.000000
10.899306,7.382317,0.000000
13.673257,-9.273624,2.000000
-10.817020,-14.497774,1.000000
10.067770,-13.112173,2.000000
7.551797,10.301815,0.000000
9.648736,-11.029876,2.000000
10.850801,12.389524,0.000000
9.492548,-10.444457,2.000000
-7.414239,-13.834193,1.000000
5.962411,6.129859,0.000000
14.459534,5.712004,0.000000
8.994665,-5.434857,2.000000
10.036933,7.750900,0.000000
11.625033,-7.666539,2.000000
-8.483310,-10.784627,1.000000
6.835546,-9.722130,2.000000
11.274581,8.767220,0.000000
12.699749,-16.785792,2.000000
-8.129213,-12.684487,1.000000
-5.664417,-15.878917,1.000000
9.535217,9.297317,0.000000
-7.518076,-11.946978,1.000000
10.190541,8.482757,0.000000
10.420375,9.658133,0.000000
7.178537,11.968318,0.000000
-14.263521,-12.940218,1.000000
8.369756,-5.827349,2.000000
10.456469,-13.311860,2.000000
4.704552,-8.867970,2.000000
9.779976,-10.787984,2.000000
9.344333,13.290795,0.000000
-12.538653,-7.211890,1.000000
7.848112,10.910735,0.000000
-10.925082,-7.086805,1.000000
-8.444147,-16.218330,1.000000
-8.816840,-11.300404,1.000000
13.595733,-11.234105,2.000000
-8.209347,-7.045192,1.000000
-10.369025,-3.274968,1.000000
15.083544,-11.876796,2.000000
3.683857,10.457432,0.000000
9.797253,-11.651284,2.000000
13.707178,13.718792,0.000000
8.237339,4.678812,0.000000
-9.223837,-12.856127,1.000000
13.387553,-9.058177,2.000000
-16.989583,-11.196352,1.000000
9.957968,7.714169,0.000000
10.603852,-11.917921,2.000000
6.720116,9.718175,0.000000
9.789478,2.766135,0.000000
12.295667,9.493167,0.000000
-10.408679,-15.554938,1.000000
7.739545,7.262976,0.000000
9.870902,10.099883,0.000000
15.238337,-10.669502,2.000000
9.427731,9.684515,0.000000
8.047850,-10.295888,2.000000
8.725269,-10.773330,2.000000
11.996234,14.476484,0.000000
11.459841,11.186873,0.000000
12.866990,8.161323,0.000000
12.458407,7.540566,0.000000
-18.234443,-5.943514,1.000000
14.084019,9.390716,0.000000
11.648667,-12.132954,2.000000
-6.033969,-10.136492,1.000000
10.538667,11.159197,0.000000
11.083258,15.617406,0.000000
9.578972,9.590535,0.000000
9.893184,-9.685184,2.000000
6.059122,-12.690104,2.000000
-9.754666,-11.732840,1.000000
12.677695,14.005742,0.000000
13.527049,-4.426239,2.000000
8.330008,13.238064,0.000000
-4.887449,-10.814287,1.000000
9.459298,-5.820708,2.000000
-11.080988,-11.833154,1.000000
-12.168676,-16.584590,1.000000
10.335403,8.982887,0.000000
13.557273,12.618226,0.000000
12.509611,-17.304519,2.000000
6.460711,-8.433170,2.000000
12.521528,-7.273611,2.000000
8.291746,-9.107745,2.000000
9.036224,-11.273865,2.000000
4.223015,11.380783,0.000000
8.532839,9.602119,0.000000
9.957000,4.811636,0.000000
-14.385466,-8.891338,1.000000
11.012554,5.543721,0.000000
-8.814332,-7.715532,1.000000
12.039250,10.060344,0.000000
-12.940914,-7.327023,1.000000
10.536563,12.600975,0.000000
-10.716057,-12.250670,1.000000
-9.460597,-9.140817,1.000000
-8.785940,-12.553890,1.000000
-11.814759,-6.067775,1.000000
15.210371,-8.789035,2.000000
15.710093,-6.778101,2.000000
6.091440,18.515605,0.000000
12.860507,10.032178,0.000000
-7.257605,-13.793788,1.000000
-15.634070,-12.505616,1.000000
10.611551,-9.776079,2.000000
7.155965,15.712191,0.000000
10.998307,-11.649614,2.000000
9.765661,-9.362160,2.000000
7.526960,-6.186721,2.000000
6.046693,11.035661,0.000000
6.324173,9.437021,0.000000
4.962333,7.650338,0.000000
11.795159,-8.023838,2.000000
6.947450,-8.083126,2.000000
8.968987,13.918455,0.000000
9.397517,-9.540985,2.000000
10.080632,12.247731,0.000000
7.375257,-8.657096,2.000000
-0.219565,-10.390852,1.000000
-14.449120,-10.397504,1.000000
9.077442,9.251575,0.000000
-10.667069,-7.497157,1.000000
19.573680,-5.401126,2.000000
-8.613093,-9.347266,1.000000
14.002401,-9.636705,2.000000
6.689287,-8.346239,2.000000
0.570113,-8.656588,2.000000
8.032090,-11.313649,2.000000
-1.247405,-9.560939,1.000000
-19.487187,-8.527876,1.000000
13.700066,-14.480348,2.000000
10.257931,-5.778653,2.000000
-10.681315,-15.710619,1.000000
8.878170,16.690646,0.000000
-6.097074,-10.265874,1.000000
-9.921149,-11.670671,1.000000
8.845181,12.576332,0.000000
14.633325,-11.342957,2.000000
-12.515021,-7.108291,1.000000
8.285353,-18.361130,2.000000
-11.137402,-12.901868,1.000000
-11.044872,-13.250100,1.000000
-11.916017,-5.817354,1.000000
10.255799,-13.142621,2.000000
6.117669,-10.125649,2.000000
12.407014,-12.694475,2.000000
7.109277,6.708204,0.000000
3.330788,-9.940965,2.000000
-9.024296,-11.392846,1.000000
5.516441,-9.171128,2.000000
-12.022303,-5.056904,1.000000
-11.489094,0.125032,1.000000
10.113135,-9.107156,2.000000
10.878395,3.995918,0.000000
-10.233632,-11.320593,1.000000
-11.922659,-10.616843,1.000000
10.527811,8.282283,0.000000
9.314835,-8.732059,2.000000
14.035149,-10.029333,2.000000
5.480450,8.109661,0.000000
11.961446,6.164506,0.000000
-7.442601,-8.699985,1.000000
-15.378217,-11.898831,1.000000
-5.808662,-14.968347,1.000000
-14.032329,-10.063543,1.000000
-11.866822,-6.450170,1.000000
-4.725089,-15.472352,1.000000
11.946818,5.607259,0.000000
-10.749674,-15.756650,1.000000
-8.499426,-5.558747,1.000000
-10.299553,-14.840212,1.000000
13.824814,10.886886,0.000000
6.916205,-10.940191,2.000000
7.658117,12.209460,0.000000
-6.372896,-8.590091,1.000000
14.085384,13.164719,0.000000
-12.555390,-12.670843,1.000000
12.063835,10.908712,0.000000
7.080386,7.362296,0.000000
12.265351,11.143029,0.000000
13.759493,-6.916096,2.000000
6.381725,-12.384745,2.000000
2.194958,11.752272,0.000000
10.286164,11.885487,0.000000
-9.078433,-10.485387,1.000000
14.146564,9.571633,0.000000
11.801107,11.770615,0.000000
7.361100,-9.917078,2.000000
-6.343296,-9.314737,1.000000
-13.975561,-7.400188,1.000000
7.180089,7.173228,0.000000
14.253572,-9.965804,2.000000
-7.213566,-12.189351,1.000000
10.759737,-9.484253,2.000000
5.766423,-10.973414,2.000000
10.339268,9.369905,0.000000
12.091054,6.300232,0.000000
7.700014,-5.673242,2.000000
-8.994269,-7.402475,1.000000
-10.728184,-11.617232,1.000000
8.816208,15.955675,0.000000
12.521232,-8.711809,2.000000
12.759093,9.523052,0.000000
7.037312,7.423984,0.000000
3.267930,-10.645102,2.000000
12.228416,-5.758808,2.000000
-9.404762,-9.502800,1.000000
8.380721,-9.914515,2.000000
6.469610,-10.763798,2.000000
13.584645,-8.818635,2.000000
-11.725483,-11.095538,1.000000
8.057266,9.615868,0.000000
-7.777684,-10.013702,1.000000
7.225797,-9.169614,2.000000
11.897147,-10.068727,2.000000
12.174044,-13.835561,2.000000
-9.089680,-9.962890,1.000000
9.191582,7.345510,0.000000
-9.898090,-11.941826,1.000000
9.969817,-12.031505,2.000000
-11.302409,-5.249334,1.000000
-9.616276,-7.903439,1.000000
6.996817,-8.267184,2.000000
11.490508,-13.705096,2.000000
12.857926,8.747306,0.000000
12.276695,8.127424,0.000000
10.522498,14.677983,0.000000
-5.690804,-6.147867,1.000000
-9.365203,-12.338632,1.000000
12.086736,14.606722,0.000000
8.661874,-11.147272,2.000000
9.813262,6.441431,0.000000
-10.564461,-11.127350,1.000000
7.103767,-10.069227,2.000000
10.012335,-6.598849,2.000000
-5.707775,-4.966133,1.000000
-11.942491,-7.505581,1.000000
6.980335,-10.269462,2.000000
-12.857657,-10.656456,1.000000
-13.486856,-12.449977,1.000000
9.477654,11.579830,0.000000
9.606601,-9.660082,2.000000
10.648949,-9.991082,2.000000
-9.091407,-11.862079,1.000000
12.432012,-14.325043,2.000000
-8.868079,-12.502942,1.000000
14.000441,15.400910,0.000000
-12.515852,-6.782875,1.000000
6.591858,-5.099312,2.000000
9.211033,7.393622,0.000000
10.349980,10.145360,0.000000
9.455898,-13.058377,2.000000
6.464814,-12.635544,2.000000
5.060979,7.460678,0.000000
13.043139,8.770825,0.000000
11.765974,-10.625254,2.000000
5.363690,-12.527017,2.000000
7.721442,15.029246,0.000000
-13.177848,-15.378359,1.000000
10.355771,-10.694981,2.000000
7.497321,2.557100,0.000000
-14.399010,-6.839477,1.000000
6.772893,-12.120190,2.000000
10.103898,7.766467,0.000000
12.428477,14.011410,0.000000
-9.467701,-12.091262,1.000000
-9.877116,-11.744151,1.000000
10.315080,-10.918246,2.000000
-6.932999,-9.047868,1.000000
7.261914,10.626520,0.000000
9.468700,10.481686,0.000000
10.514111,7.121654,0.000000
8.729744,10.730967,0.000000
-7.166397,-9.447696,1.000000
-9.262077,-7.568920,1.000000
11.580142,11.275924,0.000000
7.529094,-13.232563,2.000000
-11.039096,-10.191667,1.000000
-8.450089,-9.147296,1.000000
12.227138,12.362122,0.000000
9.922035,-5.203931,2.000000
11.324842,-8.001399,2.000000
9.265072,12.197587,0.000000
13.122052,9.021425,0.000000
8.612448,13.278627,0.000000
7.466594,-11.300197,2.000000
-11.406954,-6.620486,1.000000
6.399869,10.401232,0.000000
6.135565,-10.815545,2.000000
-10.901007,-17.436272,1.000000
9.324459,-8.131982,2.000000
-8.579804,-10.270236,1.000000
6.545256,8.180972,0.000000
8.604295,7.991671,0.000000
15.816376,-6.634948,2.000000
-10.414856,-3.526662,1.000000
7.104444,-14.186077,2.000000
-9.445045,-13.917682,1.000000
8.786987,-10.346563,2.000000
-12.204474,-7.440962,1.000000
9.716028,-10.149430,2.000000
5.935251,10.227661,0.000000
12.182531,-14.958480,2.000000
11.805708,-6.355897,2.000000
13.793276,-8.136989,2.000000
12.373256,-6.511919,2.000000
10.608490,-5.579275,2.000000
13.127284,-5.643150,2.000000
-8.185196,-13.857241,1.000000
13.905753,-4.920490,2.000000
12.745588,-11.133122,2.000000
-5.779568,-14.061080,1.000000
12.989662,-9.909690,2.000000
-10.331437,-9.242389,1.000000
-8.075935,-13.060021,1.000000
-15.529548,-14.953862,1.000000
8.978990,-6.907968,2.000000
11.045407,-12.552695,2.000000
-6.936575,-8.217133,1.000000
6.963281,-6.876698,2.000000
-9.053868,-10.154508,1.000000
8.292226,9.136075,0.000000
10.927862,-10.429935,2.000000
7.054569,9.344438,0.000000
10.520925,-8.407540,2.000000
7.982225,-13.083783,2.000000
-10.530740,-5.280325,1.000000
9.948790,-9.874335,2.000000
10.380921,5.987449,0.000000
-10.620213,-14.819570,1.000000
-6.809215,-10.178822,1.000000
8.465609,-6.456964,2.000000
11.681010,11.547856,0.000000
8.201545,8.356880,0.000000
-7.734642,-13.457085,1.000000
12.554841,-9.340155,2.000000
7.861027,-8.667589,2.000000
8.048804,-11.729485,2.000000
-15.977291,-10.354934,1.000000
-5.628073,-6.969555,1.000000
-8.739979,-13.574101,1.000000
-7.632739,-11.016249,1.000000
10.837504,-10.904428,2.000000
9.683623,5.001832,0.000000
-7.483587,-9.907595,1.000000
5.540942,-7.689550,2.000000
-13.330698,-6.531264,1.000000
-12.985233,-8.983716,1.000000
9.437946,-12.301729,2.000000
7.590962,12.226828,0.000000
-7.468162,-12.177785,1.000000
11.055559,-11.105020,2.000000
-7.204957,-12.928371,1.000000
12.404577,-10.151453,2.000000
12.133037,-12.826356,2.000000
12.989666,9.067714,0.000000
-12.152582,-5.169932,1.000000
-6.096490,-10.199938,1.000000
-10.553594,-10.482533,1.000000
10.832955,-8.654715,2.000000
9.594736,-7.755327,2.000000
-12.916838,-7.553433,1.000000
5.078552,8.138446,0.000000
9.092564,7.113622,0.000000
11.113603,-9.305283,2.000000
11.587246,-7.340311,2.000000
10.815746,11.587262,0.000000
10.960354,-4.669638,2.000000
-7.096899,-3.217441,1.000000
6.984386,-3.042772,2.000000
3.132252,4.416454,0.000000
10.765777,3.054379,0.000000
-9.141255,-9.798068,1.000000
5.099793,-5.296989,2.000000
10.486554,11.926424,0.000000
-9.684212,-9.798763,1.000000
11.929854,6.998102,0.000000
10.702650,-11.492379,2.000000
6.134338,-7.352182,2.000000
13.713748,-8.865945,2.000000
8.547904,4.152848,0.000000
10.480484,-12.121400,2.000000
-12.172511,-11.022868,1.000000
8.267992,-9.219763,2.000000
4.871163,-14.117677,2.000000
-12.131312,-12.240652,1.000000
16.540088,-3.756389,2.000000
7.138483,8.796298,0.000000
17.053651,-13.245992,2.000000
9.470822,11.558584,0.000000
6.552936,-6.019744,2.000000
11.352222,-5.761556,2.000000
9.136797,11.406511,0.000000
10.622702,8.949681,0.000000
6.816421,-6.167045,2.000000
8.211409,10.004143,0.000000
-7.909786,-10.101646,1.000000
-12.345602,-11.022295,1.000000
-2.423221,-9.840496,1.000000
-9.598871,-11.466693,1.000000
-9.034714,-11.953916,1.000000
14.985569,10.083019,0.000000
10.892047,-11.366803,2.000000
-7.331219,-5.475063,1.000000
13.748198,-11.318217,2.000000
-5.786932,-10.892560,1.000000
10.360079,13.168219,0.000000
10.665367,14.162261,0.000000
5.133381,-13.327431,2.000000
15.542269,11.760261,0.000000
14.484265,7.584944,0.000000
-6.817448,-11.766831,1.000000
9.477290,4.745384,0.000000
-12.979701,-8.107066,1.000000
-8.059690,-10.637237,1.000000
3.987723,-16.788257,2.000000
-10.297246,-9.236036,1.000000
13.626877,-10.584025,2.000000
12.955024,13.278300,0.000000
7.186622,-4.319986,2.000000
-9.115780,-8.082171,1.000000
-9.404445,-1.794945,1.000000
7.510066,-7.678111,2.000000
12.405129,10.084954,0.000000
13.190875,12.464728,0.000000
9.469178,12.747692,0.000000
5.164106,11.878088,0.000000
10.008162,12.828773,0.000000
10.314818,-8.565849,2.000000
10.904231,10.478256,0.000000
14.997469,9.844827,0.000000
-6.069627,-15.770252,1.000000
-8.230888,-8.875282,1.000000
6.558003,6.009392,0.000000
-8.537009,-11.664682,1.000000
14.127451,-10.906771,2.000000
8.213992,-9.896041,2.000000
-17.767566,-10.135965,1.000000
8.397337,7.737468,0.000000
-12.333284,-16.445227,1.000000
-12.913747,-7.756173,1.000000
-8.167901,-11.581794,1.000000
6.175383,-6.986509,2.000000
11.324072,-10.171647,2.000000
-6.199960,-18.192528,1.000000
-8.617910,-12.818851,1.000000
11.525237,8.976265,0.000000
-8.116312,-7.415345,1.000000
11.326645,-15.485567,2.000000
11.016122,11.803547,0.000000
6.527139,-8.417546,2.000000
10.908317,13.813343,0.000000
10.752861,10.698404,0.000000
-3.044529,-9.547648,1.000000
11.349827,-5.125669,2.000000
12.004756,10.118193,0.000000
8.368430,12.222479,0.000000
7.340001,-9.520516,2.000000
15.437771,-8.414741,2.000000
3.906574,-11.204367,2.000000
-11.238777,-8.323318,1.000000
-12.759788,-11.926676,1.000000
-7.801095,-16.542402,1.000000
8.062357,-14.932328,2.000000
4.748243,-6.804675,2.000000
9.212965,-13.454322,2.000000
-5.247044,-10.412221,1.000000
-9.892448,-11.142379,1.000000
10.047228,-7.764291,2.000000
-11.372778,-12.353637,1.000000
-10.572526,-4.594686,1.000000
13.471391,8.897482,0.000000
1.627389,6.049127,0.000000
13.513841,-7.896335,2.000000
6.258671,6.215965,0.000000
12.584429,9.960316,0.000000
-10.949835,-9.470769,1.000000
9.225679,-5.833740,2.000000
13.196560,-12.450795,2.000000
9.356497,12.705190,0.000000
-10.380498,-12.570486,1.000000
10.543296,6.602259,0.000000
13.512513,-5.993744,2.000000
-8.322979,-9.289231,1.000000
12.701407,-12.921262,2.000000
-10.912744,-9.560320,1.000000
9.654101,12.091370,0.000000
9.135981,13.237494,0.000000
12.357781,-8.024192,2.000000
7.237067,-8.367103,2.000000
11.666090,7.053314,0.000000
8.011261,8.681451,0.000000
-10.981320,-9.644659,1.000000
13.193796,-7.748767,2.000000
-16.334582,-12.025981,1.000000
9.772752,-7.541564,2.000000
-9.317509,-9.103418,1.000000
9.093641,8.764902,0.000000
9.738245,-10.561233,2.000000
-8.983436,-5.387726,1.000000
10.753166,10.953294,0.000000
7.496585,8.772924,0.000000
7.977734,15.251228,0.000000
9.731842,14.377464,0.000000
13.830326,9.990371,0.000000
-5.970977,-16.222484,1.000000
15.758922,12.040225,0.000000
10.104398,-15.769685,2.000000
-14.420497,-13.629572,1.000000
14.285930,-5.609841,2.000000
11.413174,-2.909875,2.000000
8.218813,-11.556341,2.000000
5.915292,12.576982,0.000000
4.461191,-9.180807,2.000000
7.599476,12.798375,0.000000
-10.826818,-10.100852,1.000000
10.408557,-11.135279,2.000000
-8.771697,-9.586718,1.000000
-12.600727,-8.222561,1.000000
-12.265135,-14.569632,1.000000
11.678414,-8.583248,2.000000
-8.703388,-11.983008,1.000000
9.330882,-6.219724,2.000000
15.342841,7.645750,0.000000
11.059626,-9.346337,2.000000
11.082492,-6.345116,2.000000
9.017531,13.104917,0.000000
6.770974,11.791882,0.000000
5.777359,-4.403812,2.000000
-10.623343,-11.263972,1.000000
8.990025,-12.560697,2.000000
15.061023,11.382667,0.000000
7.925366,-10.226414,2.000000
-10.267130,-9.940126,1.000000
-8.617921,-8.656065,1.000000
-10.168776,-9.977039,1.000000
9.895924,-10.463620,2.000000
-6.674156,-10.309982,1.000000
13.732523,-8.549215,2.000000
10.909673,-13.075062,2.000000
-15.645216,-7.053179,1.000000
-11.079597,-8.661794,1.000000
-6.875268,-7.778374,1.000000
11.324678,10.587510,0.000000
-13.903967,-11.301625,1.000000
10.770580,11.526581,0.000000
-12.200949,-6.919242,1.000000
-7.063582,-12.253453,1.000000
14.650048,8.606560,0.000000
10.588050,-12.708814,2.000000
10.600638,-11.226833,2.000000
8.623529,-9.252711,2.000000
-13.243175,-7.841375,1.000000
-12.003167,-9.439222,1.000000
-15.603435,-5.066715,1.000000
4.688706,-9.681698,2.000000
14.483965,-4.453406,2.000000
-7.957002,-7.219228,1.000000
10.517383,-9.891754,2.000000
12.379873,-14.284452,2.000000
-9.844207,-7.473550,1.000000
10.364461,11.738927,0.000000
13.168973,-8.212762,2.000000
-9.183634,-6.345635,1.000000
14.362363,7.635449,0.000000
9.327442,12.745725,0.000000
-11.975439,-12.131901,1.000000
9.086723,7.995931,0.000000
12.477784,8.775387,0.000000
-13.307457,-11.249283,1.000000
-9.579377,-5.405137,1.000000
-11.011312,-11.007584,1.000000
7.263935,-8.512069,2.000000
7.012454,10.584907,0.000000
12.267991,-11.112488,2.000000
-2.219595,-8.911581,1.000000
5.900064,9.544764,0.000000
-8.717862,-11.994464,1.000000
10.074247,7.592620,0.000000
12.023714,10.827946,0.000000
7.699564,14.083533,0.000000
8.377573,-6.198248,2.000000
5.372067,12.123695,0.000000
8.977575,8.627814,0.000000
-13.380193,-12.221173,1.000000
15.384119,-14.979579,2.000000
14.926610,-10.350356,2.000000
10.105924,-14.889906,2.000000
8.968001,-13.157924,2.000000
8.602807,-9.153476,2.000000
11.194455,-11.421906,2.000000
-9.959637,-7.984487,1.000000
12.977108,9.633613,0.000000
-5.257716,-8.407481,1.000000
-10.560653,-9.136997,1.000000
7.334776,10.937061,0.000000
6.256992,14.479971,0.000000
15.140459,-8.587405,2.000000
13.839435,16.058960,0.000000
11.260697,11.065944,0.000000
6.837939,18.882472,0.000000
11.028384,-7.333416,2.000000
14.022069,-20.006446,2.000000
6.746619,-1.018333,2.000000
5.461342,-11.150580,2.000000
-10.442496,-7.355209,1.000000
9.736192,-6.707760,2.000000
6.992993,4.723326,0.000000
9.828314,-6.956228,2.000000
-8.978133,-4.481254,1.000000
10.393703,10.532160,0.000000
6.727432,8.251524,0.000000
13.984685,-13.628991,2.000000
6.071519,8.958795,0.000000
-9.654551,-14.857372,1.000000
7.323173,-10.465384,2.000000
-8.276980,-10.076170,1.000000
-11.290579,-12.085972,1.000000
10.326520,-12.438615,2.000000
13.535898,16.169945,0.000000
11.651796,-9.340748,2.000000
-4.958764,-7.056317,1.000000
8.758100,-12.290151,2.000000
-10.816467,-5.280389,1.000000
-12.874095,-10.421256,1.000000
-9.526305,-4.930029,1.000000
11.725234,-8.244108,2.000000
-4.548626,-12.073239,1.000000
9.458580,-12.027338,2.000000
10.441329,12.486038,0.000000
-13.419736,-11.781209,1.000000
-13.330455,-12.378708,1.000000
-10.601646,-8.325526,1.000000
8.839739,-8.403159,2.000000
6.998028,-6.111169,2.000000
8.578652,-8.849439,2.000000
10.255519,8.455137,0.000000
10.397265,10.055145,0.000000
8.012479,-5.949829,2.000000
-7.442758,-12.529671,1.000000
-11.183366,-10.780603,1.000000
8.140885,7.835238,0.000000
-12.921054,-12.378149,1.000000
9.632091,9.314562,0.000000
16.796993,-10.989180,2.000000
12.179681,-12.419245,2.000000
-4.753927,-16.768419,1.000000
-11.271935,-8.631151,1.000000
5.945827,11.025101,0.000000
12.791501,-7.064322,2.000000
-12.180277,-2.910610,1.000000
8.810594,11.757524,0.000000
-5.302229,-9.562476,1.000000
-14.386640,-12.639530,1.000000
11.875630,9.671156,0.000000
8.328762,-8.162816,2.000000
6.497409,9.201229,0.000000
9.360882,9.695881,0.000000
9.058656,-7.485649,2.000000
-10.405436,-8.121441,1.000000
-15.534308,-10.727167,1.000000
10.271153,14.573483,0.000000
10.072988,10.574739,0.000000
-8.057729,-11.947799,1.000000
-13.661338,-10.169702,1.000000
-14.890071,-12.747775,1.000000
-9.310689,-8.026987,1.000000
-13.739561,-10.635009,1.000000
-14.621195,-10.064756,1.000000
13.526903,-9.572017,2.000000
11.802550,7.981985,0.000000
7.869879,8.573992,0.000000
4.882644,8.020376,0.000000
13.115641,-14.661521,2.000000
9.286976,8.823184,0.000000
13.768834,6.292493,0.000000
11.878279,-8.514488,2.000000
9.028137,-10.541938,2.000000
-8.203127,-12.010607,1.000000
13.594772,-8.341127,2.000000
7.241183,-6.357494,2.000000
-7.837552,-8.930927,1.000000
8.278125,-11.292959,2.000000
11.227499,-8.834607,2.000000
11.943541,7.505972,0.000000
6.282590,9.227533,0.000000
-13.087019,-10.041676,1.000000
-11.328332,-13.811719,1.000000
6.239145,-8.854527,2.000000
2.920872,6.216148,0.000000
-7.482901,-14.737011,1.000000
-7.632796,-10.208487,1.000000
-9.773543,-12.681558,1.000000
-12.652167,-11.894680,1.000000
-12.032407,-5.241328,1.000000
12.314428,10.497384,0.000000
4.395948,6.829060,0.000000
8.849367,11.032115,0.000000
10.291971,12.068237,0.000000
-9.135718,-13.059414,1.000000
8.099186,7.315567,0.000000
11.170236,7.302954,0.000000
6.699769,-10.783968,2.000000
8.908173,-8.140473,2.000000
8.672668,-3.761865,2.000000
-12.590005,-7.973480,1.000000
5.638422,-7.795770,2.000000
-10.385324,-13.193256,1.000000
10.204418,12.535973,0.000000
-8.851925,-7.112936,1.000000
12.668776,-9.159825,2.000000
9.654019,11.045424,0.000000
7.306006,13.175295,0.000000
13.331865,-12.894906,2.000000
-16.415793,-9.212001,1.000000
10.508056,-9.238529,2.000000
10.624963,-5.505096,2.000000
-4.721755,-13.101276,1.000000
-4.425137,-9.262002,1.000000
11.707318,12.080812,0.000000
7.340535,14.533270,0.000000
15.062997,-15.411541,2.000000
6.138627,12.772743,0.000000
-10.591164,-13.086869,1.000000
10.772112,-5.108003,2.000000
11.747300,13.623694,0.000000
12.304748,-10.992336,2.000000
8.537026,-3.601309,2.000000
11.178128,9.400338,0.000000
8.867651,-8.137422,2.000000
15.507146,9.467901,0.000000
-14.074896,-10.090042,1.000000
11.554994,-10.245524,2.000000
13.917298,-6.208612,2.000000
10.077654,8.126202,0.000000
8.920171,10.264481,0.000000
13.496616,7.504359,0.000000
12.694685,-14.559451,2.000000
-13.162810,-9.430653,1.000000
-9.671540,-14.980434,1.000000
9.398466,8.957168,0.000000
11.042641,14.684097,0.000000
9.186299,10.906160,0.000000
8.695941,15.380540,0.000000
11.764683,7.076383,0.000000
-10.408084,-6.997888,1.000000
10.015147,-7.918498,2.000000
16.424918,-10.105278,2.000000
6.833828,5.457038,0.000000
-5.255868,-4.750062,1.000000
11.499901,-9.431233,2.000000
8.049190,-10.248823,2.000000
12.244744,9.585991,0.000000
7.317076,10.647859,0.000000
12.400125,9.615342,0.000000
12.760342,14.635777,0.000000
4.251792,-11.461757,2.000000
-10.898865,-10.446621,1.000000
-8.739078,-12.059489,1.000000
-10.201604,-10.874291,1.000000
5.708320,-12.695046,2.000000
-4.776301,-9.296371,1.000000
11.681713,-9.438385,2.000000
7.638709,11.847716,0.000000
9.411908,9.948431,0.000000
5.828516,8.486588,0.000000
15.658644,-15.205649,2.000000
14.727998,5.897530,0.000000
-10.363662,-9.501660,1.000000
13.089901,-9.445300,2.000000
9.398406,-8.928240,2.000000
11.660170,-6.957139,2.000000
-10.630569,-5.838709,1.000000
12.515562,-11.879489,2.000000
-10.646382,-14.268592,1.000000
-8.812796,-10.523508,1.000000
-13.703484,-14.078236,1.000000
9.858176,8.587409,0.000000
11.095658,-8.323968,2.000000
11.090375,-8.102142,2.000000
-7.982254,-15.593247,1.000000
12.924081,-7.761853,2.000000
-8.140324,-12.499019,1.000000
12.076814,-10.146729,2.000000
8.597201,-10.308119,2.000000
11.954676,-15.434075,2.000000
7.731323,6.351392,0.000000
5.496809,-4.759192,2.000000
6.099079,12.264915,0.000000
-9.225490,-12.467483,1.000000
-6.644473,-5.767261,1.000000
5.573369,-13.212092,2.000000
13.744295,8.349433,0.000000
-9.395579,-11.848589,1.000000
-8.487206,-6.959942,1.000000
8.859350,-8.997943,2.000000
10.688298,11.012203,0.000000
-9.381346,-12.091001,1.000000
11.989552,13.409145,0.000000
-3.597746,-9.100308,1.000000
-9.710881,-12.411149,1.000000
7.473422,-8.608222,2.000000
-10.870336,-8.214956,1.000000
9.070984,9.307878,0.000000
9.756267,2.622364,0.000000
9.329984,11.375663,0.000000
15.332351,-7.299112,2.000000
-7.388389,-10.613122,1.000000
13.082460,5.053497,0.000000
6.660437,-13.475054,2.000000
-0.677506,12.191245,0.000000
4.265631,8.366602,0.000000
3.122224,-11.147101,2.000000
11.719046,8.944286,0.000000
13.212284,-10.727229,2.000000
-11.506142,-12.612923,1.000000
10.458276,12.287967,0.000000
-9.922399,-6.637944,1.000000
8.008780,12.638777,0.000000
-12.961130,-11.510695,1.000000
7.907433,-12.520085,2.000000
-10.803364,-10.758876,1.000000
10.812050,-11.776852,2.000000
9.371744,14.082526,0.000000
10.769742,-6.480421,2.000000
-9.882661,-11.062028,1.000000
-5.204654,-5.403836,1.000000
13.716140,6.994129,0.000000
-8.280656,-11.169493,1.000000
-12.536349,-5.901959,1.000000
12.522592,5.957287,0.000000
13.244342,9.226166,0.000000
-8.379038,-17.583273,1.000000
-9.618125,-8.434554,1.000000
9.403568,7.381086,0.000000
17.084803,-13.142582,2.000000
12.256550,14.621675,0.000000
6.189309,-14.461222,2.000000
12.741902,7.699160,0.000000
-15.076753,-6.987797,1.000000
9.614917,-10.655087,2.000000
15.882836,12.614298,0.000000
8.733482,-13.018657,2.000000
9.527722,9.962234,0.000000
-9.546989,-6.291495,1.000000
7.461187,11.714449,0.000000
9.803134,10.055391,0.000000
11.863959,-7.426222,2.000000
12.808547,5.686676,0.000000
-12.354121,-5.905976,1.000000
11.383182,9.830347,0.000000
-7.485221,-12.014253,1.000000
5.200017,-10.822558,2.000000
8.847381,8.052226,0.000000
5.782008,9.358234,0.000000
10.693085,-9.234440,2.000000
12.532037,-8.855601,2.000000
11.271427,12.297212,0.000000
13.321674,-11.032479,2.000000
11.590484,6.669816,0.000000
8.115153,7.788233,0.000000
14.407964,-8.382065,2.000000
-8.095878,-11.252001,1.000000
11.290270,-11.318197,2.000000
9.406196,-15.100950,2.000000
10.403731,-8.462750,2.000000
-2.347153,-5.321397,1.000000
10.050714,14.080547,0.000000
9.834893,5.374028,0.000000
12.598413,-15.203155,2.000000
-4.589959,-9.441952,1.000000
-7.902969,-8.176284,1.000000
9.840599,-8.540492,2.000000
3.586634,13.818629,0.000000
5.586410,-5.650882,2.000000
10.333104,-10.130557,2.000000
13.742776,12.439179,0.000000
10.882231,-9.117089,2.000000
-5.979926,-11.015822,1.000000
-9.771800,-12.857741,1.000000
10.079433,8.183779,0.000000
-10.060532,-9.928455,1.000000
9.723044,6.712109,0.000000
-6.206271,-9.843497,1.000000
-9.266212,-9.978220,1.000000
8.737370,-14.620763,2.000000
15.154498,14.069894,0.000000
6.487075,-10.544879,2.000000
4.991348,-12.851443,2.000000
7.747329,11.913530,0.000000
8.049162,-12.044535,2.000000
14.014961,-5.612602,2.000000
-9.157343,-5.011125,1.000000
9.610748,14.372452,0.000000
11.301601,10.797938,0.000000
8.923556,3.037243,0.000000
10.122334,-8.466870,2.000000
14.326388,-12.681486,2.000000
-7.078574,-12.534593,1.000000
11.557766,-7.682151,2.000000
6.966180,-7.829064,2.000000
7.822236,-6.900391,2.000000
9.695431,12.332915,0.000000
10.237063,15.392698,0.000000
-2.998101,-10.697949,1.000000
8.802020,-10.771491,2.000000
-3.774251,-11.265042,1.000000
3.162615,-12.792655,2.000000
10.125168,-9.212871,2.000000
3.100272,13.672953,0.000000
6.857064,-11.691335,2.000000
5.767370,11.462986,0.000000
14.907115,-10.924867,2.000000
12.170383,-9.830920,2.000000
10.237725,-12.343634,2.000000
7.849038,-6.370857,2.000000
8.869093,5.231877,0.000000
-7.023459,-15.027221,1.000000
-11.589920,-11.938449,1.000000
8.478844,-7.889506,2.000000
-10.458237,-12.410742,1.000000
-15.070049,-6.292330,1.000000
8.668688,-9.627811,2.000000
6.524350,12.750895,0.000000
-2.191933,-6.121312,1.000000
11.653377,13.106538,0.000000
6.723730,-11.770743,2.000000
7.994518,5.124120,0.000000
6.460631,-8.441139,2.000000
7.657163,6.643840,0.000000
-10.322014,-7.534740,1.000000
7.296739,11.884675,0.000000
-7.131457,-10.572187,1.000000
10.609420,6.406060,0.000000
11.860319,-9.410507,2.000000
7.151275,-13.264761,2.000000
6.611486,-5.141064,2.000000
-9.025977,-6.067176,1.000000
15.235879,12.998609,0.000000
9.008062,-6.450330,2.000000
16.073016,11.396814,0.000000
13.185014,5.833318,0.000000
-8.227072,-12.743618,1.000000
-11.683386,-8.999638,1.000000
9.254409,11.698422,0.000000
8.755945,4.887267,0.000000
8.633007,-11.619176,2.000000
10.700803,-11.643743,2.000000
-12.551661,-13.014657,1.000000
11.373157,8.511457,0.000000
8.270555,8.986559,0.000000
10.213285,-7.485409,2.000000
13.807795,-9.292280,2.000000
7.483778,10.309408,0.000000
5.659999,-7.050227,2.000000
7.253473,-9.559340,2.000000
14.497803,-9.949345,2.000000
6.326958,4.532248,0.000000
-8.297096,-13.255924,1.000000
6.798220,-11.595464,2.000000
12.267958,-11.211160,2.000000
-12.979340,-10.198404,1.000000
11.369565,-11.727192,2.000000
9.833984,-10.771028,2.000000
16.139538,-9.190921,2.000000
-7.459706,-8.672241,1.000000
14.566025,-10.390160,2.000000
5.732136,11.027570,0.000000
13.566294,12.593871,0.000000
-13.523008,-10.692373,1.000000
10.014680,-14.643107,2.000000
-8.752184,-15.576485,1.000000
-7.342698,-11.024572,1.000000
-8.395152,-11.832524,1.000000
-11.019860,-8.816377,1.000000
13.125672,-11.812494,2.000000
10.169538,-8.128042,2.000000
9.998910,-0.320707,2.000000
10.177064,10.732369,0.000000
10.316116,16.037625,0.000000
-9.276925,-10.577751,1.000000
11.413218,9.086056,0.000000
-8.548939,-8.485711,1.000000
-7.899705,-12.979478,1.000000
-14.161915,-3.674992,1.000000
9.817241,8.472331,0.000000
-3.952355,-10.880457,1.000000
7.810619,7.812897,0.000000
3.598189,10.894907,0.000000
8.520164,-12.445449,2.000000
-9.117232,-8.410838,1.000000
9.877018,-7.808678,2.000000
11.058835,9.118351,0.000000
-12.408535,-10.617836,1.000000
-1.091447,-8.383528,1.000000
9.870756,7.133777,0.000000
-11.258196,-7.791742,1.000000
9.339954,-9.818191,2.000000
-10.863218,-11.945646,1.000000
10.828081,-12.681139,2.000000
9.838703,7.407703,0.000000
-8.556051,-11.178348,1.000000
-10.902089,-11.940094,1.000000
-7.430771,-11.170601,1.000000
-9.755373,-12.772228,1.000000
9.901177,10.049059,0.000000
11.265712,-16.680746,2.000000
-9.364508,-8.581143,1.000000
12.008092,-7.005886,2.000000
9.284665,8.031960,0.000000
11.403600,-9.426876,2.000000
6.697350,-12.696663,2.000000
-8.294882,-8.584791,1.000000
8.605444,12.572596,0.000000
-8.305320,-13.009327,1.000000
6.893734,-16.787963,2.000000
-2.931906,-8.486851,1.000000
11.317504,-5.951901,2.000000
-12.680994,-9.900811,1.000000
-5.533425,-7.749804,1.000000
5.719987,-10.605792,2.000000
-10.857941,-5.754985,1.000000
1.964839,7.652746,0.000000
5.619503,-13.061729,2.000000
10.404801,12.081576,0.000000
8.970724,9.726992,0.000000
11.904410,-8.485355,2.000000
13.023425,-10.266549,2.000000
-12.749826,-9.155770,1.000000
10.114282,3.169940,0.000000
8.489585,10.611883,0.000000
-9.910846,-8.808782,1.000000
6.816015,-9.876034,2.000000
7.443724,15.279351,0.000000
-11.812756,-12.480496,1.000000
10.497841,-14.198055,2.000000
-9.652708,-7.444892,1.000000
13.928053,-11.620171,2.000000
11.065338,4.842094,0.000000
-18.660385,-15.029819,1.000000
-14.569201,-8.465060,1.000000
8.399464,-4.515385,2.000000
8.072124,11.331573,0.000000
11.592742,8.511562,0.000000
14.355530,15.586805,0.000000
6.907395,7.847930,0.000000
-10.894019,-10.041605,1.000000
6.369432,-13.786648,2.000000
8.362057,11.824874,0.000000
8.255887,6.625411,0.000000
9.705318,-10.156706,2.000000
7.654399,9.548671,0.000000
-8.675456,-11.888163,1.000000
8.500158,4.375045,0.000000
12.079542,15.744946,0.000000
-7.217298,-11.024901,1.000000
11.421925,9.024024,0.000000
11.448836,-7.800615,2.000000
9.616948,3.188606,0.000000
15.735727,-10.525024,2.000000
12.187640,-10.285658,2.000000
6.855694,-13.127271,2.000000
9.635527,-8.561670,2.000000
5.500938,12.202693,0.000000
12.516596,-3.278741,2.000000
-9.567021,-9.635816,1.000000
13.979326,-10.544205,2.000000
9.858926,11.388875,0.000000
-7.294700,-9.955161,1.000000
13.358143,14.889274,0.000000
14.052245,9.865795,0.000000
-6.778211,-12.322120,1.000000
9.149228,10.931129,0.000000
13.895982,-8.011581,2.000000
9.478195,16.479217,0.000000
10.700465,12.501948,0.000000
-12.190506,-10.913694,1.000000
12.882984,-14.123650,2.000000
-9.092141,-7.391835,1.000000
-9.480917,-12.300122,1.000000
10.762870,-13.845651,2.000000
13.951082,-11.914115,2.000000
9.845183,10.732259,0.000000
-7.420818,-9.097284,1.000000
-8.244110,-13.207212,1.000000
-11.705325,-10.419812,1.000000
-11.132937,-10.754789,1.000000
8.608858,-14.742338,2.000000
-10.004826,-5.720839,1.000000
-12.839283,-9.925548,1.000000
10.713859,-13.518849,2.000000
11.229855,-7.960892,2.000000
10.333554,11.066587,0.000000
3.303438,-10.848895,2.000000
8.637989,-5.781936,2.000000
7.794490,6.876076,0.000000
-14.585080,-12.076842,1.000000
-11.975178,-10.167708,1.000000
-14.400731,-11.985168,1.000000
12.708864,-11.379123,2.000000
14.273740,11.006895,0.000000
-13.586634,-7.495285,1.000000
7.563697,-17.773467,2.000000
10.627093,9.476606,0.000000
-13.312524,-10.123864,1.000000
6.657264,-9.104189,2.000000
-6.543646,-12.915258,1.000000
-12.593635,-9.473172,1.000000
11.811312,13.910144,0.000000
8.525135,10.952611,0.000000
-8.350504,-13.644756,1.000000
14.092176,-11.213723,2.000000
12.097701,-12.225167,2.000000
-9.389721,-8.093812,1.000000
4.465412,15.178825,0.000000
-11.124251,-8.362914,1.000000
13.930463,-10.782185,2.000000
9.931194,-9.338101,2.000000
-8.575816,-6.627556,1.000000
13.388883,-12.598221,2.000000
-7.688656,-12.687943,1.000000
6.467022,-8.118728,2.000000
13.233957,-11.211163,2.000000
7.897395,-8.434581,2.000000
9.709762,3.913115,0.000000
-9.703538,-9.320168,1.000000
9.313291,-6.205947,2.000000
7.386186,-12.956688,2.000000
10.749194,8.939383,0.000000
10.935118,-7.185100,2.000000
-12.790169,-8.289285,1.000000
-10.370677,-8.007495,1.000000
8.166394,-9.937329,2.000000
13.295690,13.997312,0.000000
5.025990,-14.816828,2.000000
-12.800574,-9.094222,1.000000
-11.008151,-10.712286,1.000000
-13.992384,-12.936040,1.000000
13.577205,-9.429364,2.000000
-6.916146,-6.540125,1.000000
9.878369,7.552781,0.000000
7.806328,15.228636,0.000000
11.755751,-5.901669,2.000000
15.677070,4.871858,0.000000
11.287160,7.171943,0.000000
10.293871,-3.288448,2.000000
-8.860602,-11.292019,1.000000
15.674289,13.543161,0.000000
-9.880391,-13.504452,1.000000
-9.527355,-8.695578,1.000000
-9.050770,-8.454188,1.000000
11.644552,10.497770,0.000000
9.672919,-12.174138,2.000000
15.482088,20.680411,0.000000
7.833578,-10.115298,2.000000
9.642151,6.496434,0.000000
7.999021,-12.122116,2.000000
8.381355,14.037761,0.000000
-15.386588,-9.574458,1.000000
13.861103,-8.841215,2.000000
7.394426,10.591857,0.000000
6.199327,12.783287,0.000000
-17.753877,-7.046193,1.000000
11.424176,-11.515096,2.000000
8.291978,12.648465,0.000000
6.284542,8.175123,0.000000
-13.676183,-14.348612,1.000000
5.352046,-6.646491,2.000000
9.303133,8.703532,0.000000
10.374520,-10.844766,2.000000
7.717670,-3.908610,2.000000
12.886984,8.457468,0.000000
10.807602,7.244439,0.000000
9.638121,15.736298,0.000000
12.345661,-13.189560,2.000000
12.842923,-11.226878,2.000000
8.641952,11.954757,0.000000
6.533156,11.326051,0.000000
-16.115098,-14.816457,1.000000
-12.219710,-10.911627,1.000000
-14.237760,-8.873882,1.000000
8.664987,10.124180,0.000000
-7.512368,-3.365843,1.000000
8.411606,11.519135,0.000000
12.266431,12.038629,0.000000
13.508301,10.764516,0.000000
5.827877,-13.060431,2.000000
14.799252,7.917339,0.000000
13.876452,8.400907,0.000000
2.865994,-8.447090,2.000000
-6.140745,-11.052156,1.000000
7.902424,-11.445518,2.000000
11.630678,15.720963,0.000000
-14.078779,-9.829807,1.000000
15.600294,-11.713134,2.000000
-13.674524,-12.914563,1.000000
11.381395,-12.099288,2.000000
11.314072,15.162241,0.000000
-9.842128,-7.550661,1.000000
6.281575,10.612003,0.000000
6.010232,8.928448,0.000000
10.881093,-15.105964,2.000000
12.043190,9.939207,0.000000
10.041307,-9.471419,2.000000
10.347755,-7.694577,2.000000
4.263506,-9.483087,2.000000
11.589215,12.698643,0.000000
-9.340985,-11.825126,1.000000
7.936209,13.447039,0.000000
16.438712,8.626174,0.000000
12.754182,-17.361990,2.000000
12.845065,-14.064976,2.000000
-5.908299,-11.938252,1.000000
13.727038,-14.729895,2.000000
10.366505,-15.972509,2.000000
7.596653,-4.735206,2.000000
-8.353271,-11.815128,1.000000
8.582668,-11.831705,2.000000
-7.151855,-13.599708,1.000000
3.953973,11.527133,0.000000
8.954756,-11.766555,2.000000
7.812035,-6.562029,2.000000
13.721321,-13.480338,2.000000
-5.045918,-14.727936,1.000000
-7.801643,-12.072874,1.000000
8.193200,-7.419626,2.000000
9.028640,-10.130248,2.000000
-11.353125,-11.706558,1.000000
-13.505750,-11.110434,1.000000
8.066190,-7.995630,2.000000
-6.667265,-8.880326,1.000000
-14.773343,-7.016658,1.000000
11.162901,-8.602972,2.000000
9.944527,-6.736304,2.000000
12.799597,-11.070878,2.000000
-9.978615,-8.333480,1.000000
9.742680,-10.183505,2.000000
-12.391694,-8.904257,1.000000
9.859258,-12.667581,2.000000
-10.223070,-6.039254,1.000000
4.175222,-11.322688,2.000000
-15.149400,-9.269528,1.000000
-12.332849,-10.174818,1.000000
-10.722015,-8.911543,1.000000
11.310048,-11.633749,2.000000
8.511736,9.809494,0.000000
-11.567745,-10.782726,1.000000
10.888904,-6.163365,2.000000
-9.656479,-10.211884,1.000000
12.608734,12.416277,0.000000
10.684456,11.926805,0.000000
8.247594,-11.256871,2.000000
10.486874,8.128310,0.000000
11.023990,-3.404980,2.000000
-10.326867,-13.680968,1.000000
14.591973,-8.998802,2.000000
-13.451425,-8.693510,1.000000
-10.114462,-13.171686,1.000000
11.701870,-11.819577,2.000000
12.694193,-9.786092,2.000000
9.355204,-8.970817,2.000000
-6.784270,-11.339252,1.000000
9.828355,-10.145545,2.000000
9.838328,10.608580,0.000000
7.546395,9.943287,0.000000
9.197234,-8.876231,2.000000
8.014494,12.537262,0.000000
11.266794,-14.261873,2.000000
7.718662,10.041685,0.000000
9.629351,6.440951,0.000000
9.761283,6.885724,0.000000
10.656063,-10.745069,2.000000
9.687201,-11.331000,2.000000
9.305389,-8.433895,2.000000
-3.842695,-6.092094,1.000000
-10.439384,-3.978960,1.000000
-14.358353,-11.231730,1.000000
10.489314,13.232122,0.000000
2.471268,-12.555455,2.000000
20.330896,-12.798391,2.000000
-10.520814,-5.670298,1.000000
13.230754,-8.866557,2.000000
-12.505264,-16.976727,1.000000
5.551957,-11.280346,2.000000
-8.366108,-5.336109,1.000000
10.423236,-13.091585,2.000000
10.119864,13.913120,0.000000
-14.469471,-7.197753,1.000000
8.999298,-7.695905,2.000000
-8.809477,-8.969724,1.000000
-11.545747,-9.275546,1.000000
11.599586,4.065608,0.000000
8.954485,-6.796345,2.000000
8.889135,12.096435,0.000000
12.722957,-10.564422,2.000000
6.127954,-9.303521,2.000000
10.898172,9.501392,0.000000
7.155678,-5.499451,2.000000
11.805398,-10.258218,2.000000
-3.245352,-14.562509,1.000000
-1.786057,-13.905744,1.000000
-10.242352,-14.520663,1.000000
12.200735,-5.853776,2.000000
8.854242,-7.877034,2.000000
13.281348,-6.830086,2.000000
12.061962,9.746384,0.000000
6.256034,9.875634,0.000000
-9.323683,-6.251958,1.000000
12.424847,-12.141055,2.000000
-6.574024,-11.084166,1.000000
-11.835102,-12.372595,1.000000
-11.451724,-11.616750,1.000000
17.326434,9.992966,0.000000
6.726447,-17.481724,2.000000
6.940121,-10.144892,2.000000
-11.156991,-9.068660,1.000000
10.375178,16.634324,0.000000
6.222806,-10.214937,2.000000
14.915049,-11.346479,2.000000
-13.015492,-12.752842,1.000000
11.940861,-12.864634,2.000000
-11.991717,-10.061948,1.000000
3.496511,8.251084,0.000000
9.964559,12.958112,0.000000
-14.498037,-15.301231,1.000000
-12.929996,-11.612821,1.000000
8.210461,-11.632939,2.000000
11.349331,8.528064,0.000000
-11.286564,-1.368729,1.000000
12.419013,10.301639,0.000000
8.078193,13.444498,0.000000
-10.486144,-12.291483,1.000000
11.642398,6.213538,0.000000
11.739462,-10.080865,2.000000
13.333673,15.358530,0.000000
10.549951,-16.597583,2.000000
-13.983591,-5.194974,1.000000
-9.958268,-7.368291,1.000000
11.369524,-6.514385,2.000000
9.787172,-8.536679,2.000000
9.518705,-12.081227,2.000000
-5.375094,-8.000102,1.000000
13.467744,10.892922,0.000000
-6.604980,-10.813840,1.000000
-13.464365,-11.904702,1.000000
-7.818689,-10.823721,1.000000
7.542589,-9.068219,2.000000
-11.689466,-14.739442,1.000000
13.611807,6.473399,0.000000
10.211785,-7.455395,2.000000
11.247128,9.768355,0.000000
-10.045212,-15.331875,1.000000
-12.288741,-8.118943,1.000000
-7.313742,-12.539422,1.000000
6.583799,-8.619472,2.000000
-7.873415,-9.083832,1.000000
8.908748,-5.043245,2.000000
7.345000,12.008977,0.000000
9.517500,-1.851877,2.000000
-7.668351,-7.079311,1.000000
7.547310,-15.768791,2.000000
12.229467,10.228385,0.000000
-9.507187,-9.563662,1.000000
7.950319,3.618777,0.000000
13.444135,-12.613937,2.000000
13.720000,14.849267,0.000000
8.250271,8.761174,0.000000
6.354518,12.703621,0.000000
8.265576,8.834686,0.000000
8.523219,5.141494,0.000000
11.518823,-10.136408,2.000000
-9.422172,-11.683120,1.000000
10.219931,8.624008,0.000000
-10.841942,-12.010351,1.000000
16.280106,-8.365274,2.000000
13.584475,-9.541264,2.000000
12.026645,-15.581242,2.000000
-10.146459,-9.483630,1.000000
-12.666684,-13.677068,1.000000
7.522181,-13.164968,2.000000
-7.760353,-7.221925,1.000000
9.736881,9.972524,0.000000
-18.164831,-6.529767,1.000000
11.926111,-12.370410,2.000000
-10.411030,-11.438844,1.000000
-12.208609,-14.429886,1.000000
13.841420,11.862902,0.000000
10.588425,-8.511516,2.000000
9.774658,11.424982,0.000000
10.358866,-12.124481,2.000000
9.404381,-7.100422,2.000000
11.903681,10.834483,0.000000
-13.203152,-8.780483,1.000000
10.534889,-8.131718,2.000000
6.034412,5.082967,0.000000
7.771686,-8.577435,2.000000
7.302173,-6.415548,2.000000
-7.487903,-8.852113,1.000000
7.251348,-12.442807,2.000000
12.144104,-10.849511,2.000000
9.160001,-5.366408,2.000000
9.422096,-4.244573,2.000000
6.491415,-12.136908,2.000000
-10.554777,-9.505343,1.000000
11.219773,10.909845,0.000000
6.184003,16.879556,0.000000
10.342122,6.175965,0.000000
13.380263,7.101498,0.000000
9.352173,7.774587,0.000000
-10.149160,-16.450474,1.000000
12.331063,-10.644172,2.000000
7.837501,10.241099,0.000000
9.241390,5.865760,0.000000
-10.979869,-11.155196,1.000000
-15.149193,-15.780591,1.000000
9.908256,-10.433413,2.000000
5.637261,-13.132784,2.000000
9.566523,7.218967,0.000000
9.507668,-17.393368,2.000000
9.657619,13.013245,0.000000
9.594076,-10.626349,2.000000
-9.101570,-9.138606,1.000000
3.477325,12.343759,0.000000
11.382768,-6.886348,2.000000
5.865387,-16.079849,2.000000
9.086628,-11.264477,2.000000
15.602356,-10.847571,2.000000
12.068790,-9.161053,2.000000
11.995003,6.443692,0.000000
11.477784,-11.960617,2.000000
10.736521,7.230570,0.000000
3.648936,-8.132387,2.000000
-7.520730,-8.232710,1.000000
9.568720,-11.949861,2.000000
-11.397068,-6.416687,1.000000
-8.179393,-14.323705,1.000000
3.116863,11.877544,0.000000
11.317512,-14.316564,2.000000
7.577429,-4.439673,2.000000
-8.882739,-11.553257,1.000000
8.250248,-7.557122,2.000000
13.405051,8.996928,0.000000
10.188629,17.374584,0.000000
-13.991946,-16.845485,1.000000
-12.999469,-15.024048,1.000000
7.515783,-8.285619,2.000000
11.952311,-8.051431,2.000000
10.050594,-12.922380,2.000000
-7.870253,-8.896155,1.000000
-2.040598,-9.654190,1.000000
-7.951449,-10.025277,1.000000
15.839418,-8.462318,2.000000
-11.076774,-8.703104,1.000000
10.112814,-15.099468,2.000000
17.382558,11.208050,0.000000
16.045996,-8.139307,2.000000
7.605253,12.888219,0.000000
4.128820,-7.286871,2.000000
-9.336211,-12.875765,1.000000
10.517396,-6.902604,2.000000
8.589817,7.445565,0.000000
-10.934724,-8.016692,1.000000
11.193819,7.665907,0.000000
-11.383755,-7.662369,1.000000
-8.221500,-9.664163,1.000000
-13.222493,-8.182018,1.000000
-11.041651,-11.626584,1.000000
9.147724,-12.210512,2.000000
12.592558,11.406723,0.000000
15.718371,8.564212,0.000000
12.326792,8.036975,0.000000
13.326649,13.035885,0.000000
11.379802,10.252579,0.000000
-10.040657,-8.938436,1.000000
-10.944491,-13.912322,1.000000
-10.733292,-6.354700,1.000000
-10.004059,-14.314242,1.000000
10.135133,-12.845659,2.000000
-9.989959,-11.993695,1.000000
8.612559,-10.627122,2.000000
3.937786,-7.180760,2.000000
15.936809,8.821675,0.000000
-14.338985,-6.873910,1.000000
-11.245350,-11.859487,1.000000
13.059852,11.465582,0.000000
-7.245473,-12.811343,1.000000
-13.990132,-6.177583,1.000000
12.386887,15.877422,0.000000
4.793537,10.064221,0.000000
-8.095588,-9.688296,1.000000
-8.224817,-8.220610,1.000000
-5.923419,-8.823705,1.000000
-12.850959,-14.389509,1.000000
12.579018,13.357229,0.000000
-5.726692,-9.844588,1.000000
-9.762634,-9.525972,1.000000
-13.116284,-11.308753,1.000000
10.205560,-11.561636,2.000000
6.281183,-8.261139,2.000000
11.269584,11.660314,0.000000
-7.754035,-13.103448,1.000000
-8.521344,-10.871256,1.000000
8.903500,14.315174,0.000000
-8.292155,-12.519703,1.000000
8.590427,14.592090,0.000000
-6.993885,-9.393316,1.000000
9.165061,9.299558,0.000000
-8.209409,-11.819196,1.000000
12.681784,-11.040912,2.000000
-11.478730,-8.333819,1.000000
7.436036,10.530343,0.000000
-12.107741,-6.521575,1.000000
-14.600974,-7.503363,1.000000
13.929676,-10.530608,2.000000
11.228809,-10.167995,2.000000
2.721280,7.591670,0.000000
11.734626,-6.415213,2.000000
13.747702,11.885110,0.000000
4.777224,9.554786,0.000000
-9.395519,-8.827457,1.000000
-15.402486,-11.896908,1.000000
9.851446,10.757296,0.000000
12.303466,10.661654,0.000000
-10.864544,-7.847789,1.000000
11.920307,10.728718,0.000000
12.835925,15.274965,0.000000
9.210578,5.044994,0.000000
-8.060575,-6.423897,1.000000
-7.870407,-3.817196,1.000000
-12.319046,-7.521357,1.000000
-7.697541,-9.753471,1.000000
10.996901,13.031111,0.000000
13.505212,-13.764894,2.000000
10.750783,-11.399622,2.000000
2.421573,8.941591,0.000000
-9.836707,-13.471392,1.000000
10.329442,-17.750293,2.000000
-11.593090,-11.033034,1.000000
-9.859198,-7.121600,1.000000
7.051527,9.195574,0.000000
-12.387632,-13.082918,1.000000
-13.371796,-14.224597,1.000000
-10.061403,-7.359383,1.000000
5.194856,8.581699,0.000000
9.220450,13.217960,0.000000
-7.496101,-7.794550,1.000000
5.812523,10.137842,0.000000
-7.480412,-11.527207,1.000000
-9.348756,-14.519151,1.000000
10.957063,12.614153,0.000000
-15.936198,-8.922690,1.000000
-11.844720,-10.000171,1.000000
-10.783578,-11.166292,1.000000
2.519856,13.924308,0.000000
-10.848170,-11.051972,1.000000
11.400009,-9.977934,2.000000
-10.428019,-7.579076,1.000000
11.132580,-8.619233,2.000000
13.706550,-12.131035,2.000000
-9.480348,-12.338717,1.000000
11.412890,8.191625,0.000000
-12.427028,-10.029697,1.000000
-8.352133,-7.836402,1.000000
12.705637,-7.242340,2.000000
11.061837,13.609079,0.000000
8.767829,11.302163,0.000000
-7.712449,-7.656199,1.000000
-12.240689,-8.723623,1.000000
-15.580921,-16.920057,1.000000
-5.055430,-5.648022,1.000000
-13.398927,-8.594621,1.000000
-14.973043,-10.076278,1.000000
9.882830,6.033646,0.000000
6.514174,-14.098358,2.000000
-7.406916,-13.194068,1.000000
-11.787424,-5.842880,1.000000
8.288616,15.331849,0.000000
-6.261383,-11.134746,1.000000
-9.918902,-6.856591,1.000000
-7.123370,-9.973569,1.000000
-14.999324,-10.601307,1.000000
8.819456,13.313713,0.000000
-11.643213,-5.771170,1.000000
-10.107314,-10.871848,1.000000
10.731394,5.413992,0.000000
9.076191,10.763350,0.000000
7.519273,-9.781443,2.000000
-17.461723,-11.225434,1.000000
-10.215542,-11.080856,1.000000
-14.960631,-10.413743,1.000000
-9.320273,-8.492715,1.000000
-11.484312,-6.660208,1.000000
-10.677422,-10.956192,1.000000
4.075168,-16.599270,2.000000
10.148839,-7.316768,2.000000
12.962420,17.702265,0.000000
7.407456,-10.841034,2.000000
-8.559797,-11.998570,1.000000
-8.499839,-8.186921,1.000000
9.319515,-10.855010,2.000000
12.930039,-11.115601,2.000000
11.744097,8.918794,0.000000
-10.450441,-8.390610,1.000000
11.219195,9.622895,0.000000
10.802904,-11.472496,2.000000
12.287974,10.818084,0.000000
7.342465,-9.546524,2.000000
15.177764,-10.412289,2.000000
10.059605,-7.306753,2.000000
17.046283,-10.084336,2.000000
-15.238885,-12.314781,1.000000
6.575788,-16.639091,2.000000
11.275464,-8.560073,2.000000
-12.964767,-7.835813,1.000000
-7.027137,-8.531877,1.000000
9.989933,-13.460612,2.000000
12.198330,9.226872,0.000000
13.301758,14.156957,0.000000
9.628380,-12.499211,2.000000
-10.251493,-5.095457,1.000000
14.804640,11.481549,0.000000
-8.007074,-13.462031,1.000000
8.186297,-7.874672,2.000000
-13.490265,-12.515033,1.000000
7.637190,-13.610172,2.000000
8.253405,10.966020,0.000000
-9.914804,-12.894517,1.000000
-7.415943,-8.743008,1.000000
11.247631,-9.069163,2.000000
9.291109,10.015524,0.000000
9.856189,14.071238,0.000000
-7.770571,-10.824437,1.000000
9.922710,-9.485505,2.000000
-10.860845,-6.909493,1.000000
3.213476,10.377730,0.000000
-10.997841,-9.067465,1.000000
6.077731,10.665333,0.000000
5.756516,9.255040,0.000000
10.322505,-8.965977,2.000000
-8.510404,-11.275271,1.000000
14.891281,-8.055463,2.000000
16.174960,-8.471925,2.000000
10.039233,-9.220622,2.000000
9.512450,15.040369,0.000000
11.817923,7.651874,0.000000
-12.066197,-4.043239,1.000000
11.483294,-11.611420,2.000000
-11.604694,-10.237865,1.000000
9.953111,13.534869,0.000000
11.567039,11.713281,0.000000
7.137363,13.320568,0.000000
-10.124775,-14.796715,1.000000
9.818861,10.658828,0.000000
9.489061,11.338957,0.000000
-12.352221,-12.244828,1.000000
9.058173,9.213789,0.000000
10.382612,-12.091250,2.000000
11.208011,6.639341,0.000000
-10.698415,-10.262418,1.000000
5.489293,6.968406,0.000000
10.838064,12.492295,0.000000
9.152582,-12.953363,2.000000
-12.378365,-7.454830,1.000000
-12.143468,-10.936656,1.000000
8.311193,-6.605599,2.000000
6.758497,-11.691247,2.000000
-11.204948,-10.827734,1.000000
6.289086,-10.438586,2.000000
9.849776,14.191058,0.000000
9.347529,8.214911,0.000000
12.276515,-8.552390,2.000000
8.465093,6.830158,0.000000
8.594038,11.144763,0.000000
-6.092983,-10.569540,1.000000
13.709186,-5.198098,2.000000
-9.387548,-10.792377,1.000000
14.831574,-10.786586,2.000000
-7.885628,-16.749274,1.000000
-6.528475,-7.604900,1.000000
-7.125310,-19.163170,1.000000
9.753254,-12.141798,2.000000
12.297155,-8.693156,2.000000
11.773597,8.511819,0.000000
-8.258470,-5.032183,1.000000
9.701848,-5.529131,2.000000
12.808369,6.784684,0.000000
11.345049,11.820125,0.000000
19.682015,7.361624,0.000000
10.191477,10.481997,0.000000
8.209170,5.794686,0.000000
-9.428032,-9.970599,1.000000
-11.541028,-11.573604,1.000000
10.054408,-12.305210,2.000000
8.813175,9.798971,0.000000
-9.025690,-15.163733,1.000000
15.146327,-14.529345,2.000000
10.555122,8.513978,0.000000
11.737101,-14.884192,2.000000
-6.913073,-11.237737,1.000000
11.845293,-4.078262,2.000000
10.400881,9.842831,0.000000
12.706117,8.757916,0.000000
5.927390,-16.700028,2.000000
8.808845,-10.385726,2.000000
7.818753,-14.301541,2.000000
10.131223,-5.586037,2.000000
-11.052459,-11.660204,1.000000
-9.741586,-14.000115,1.000000
12.134255,4.462274,0.000000
9.387352,-13.203525,2.000000
11.341092,-9.888856,2.000000
14.105800,-10.741284,2.000000
-6.686555,-9.286657,1.000000
-0.591241,-17.275434,1.000000
-11.436510,-11.183494,1.000000
-8.619814,-6.519167,1.000000
5.086857,-9.788482,2.000000
-1.254361,-9.235653,1.000000
13.817659,6.379155,0.000000
7.781241,4.039055,0.000000
-2.621005,-11.401021,1.000000
12.041466,2.189528,0.000000
12.144747,-8.442228,2.000000
10.859627,-14.762107,2.000000
9.833569,13.473819,0.000000
6.508030,9.665600,0.000000
-13.362881,-14.127989,1.000000
8.050095,10.498834,0.000000
-10.065275,-11.890480,1.000000
-9.467107,-10.432823,1.000000
-14.739332,-13.674563,1.000000
2.697349,-10.809231,2.000000
8.697867,13.543460,0.000000
-9.916617,-14.472711,1.000000
-9.798861,-7.284536,1.000000
-9.656376,-12.154275,1.000000
11.137953,-12.231546,2.000000
-12.627114,-5.459903,1.000000
-13.553885,-9.080622,1.000000
8.381273,-8.994338,2.000000
11.237521,-12.528305,2.000000
6.177830,-10.365836,2.000000
8.002199,18.313160,0.000000
-6.191928,-6.536292,1.000000
-6.016165,-14.870510,1.000000
9.400267,-7.565182,2.000000
11.774801,-10.059150,2.000000
-11.637805,-7.633146,1.000000
-5.098416,-12.492093,1.000000
-11.566554,-9.176046,1.000000
5.404028,9.842432,0.000000
8.771773,-9.305702,2.000000
-7.482933,-13.334553,1.000000
12.327254,6.682447,0.000000
-10.844922,-13.384701,1.000000
10.239347,12.164139,0.000000
6.370975,-13.243073,2.000000
-8.706574,-11.819318,1.000000
8.611436,-9.313155,2.000000
4.882397,5.060712,0.000000
11.772995,-7.915821,2.000000
10.350282,-14.402904,2.000000
-8.847305,-12.063284,1.000000
-8.376777,-12.199972,1.000000
8.305918,-6.583628,2.000000
11.276049,7.538859,0.000000
12.790895,-6.218241,2.000000
9.404159,-9.297008,2.000000
6.459864,5.551201,0.000000
-8.262639,-14.411156,1.000000
-12.252680,-16.877908,1.000000
15.604855,9.626610,0.000000
-12.342727,-11.105500,1.000000
8.474520,-4.587105,2.000000
16.604361,-6.292935,2.000000
11.290938,9.192454,0.000000
9.683023,-9.817387,2.000000
8.643490,13.739809,0.000000
8.496783,7.127207,0.000000
-5.339073,-6.701439,1.000000
12.189725,10.196214,0.000000
-8.842581,-11.897253,1.000000
9.400125,-8.311895,2.000000
11.674240,-7.746863,2.000000
8.173252,-13.026193,2.000000
-9.929607,-11.846515,1.000000
10.052538,-10.792413,2.000000
7.594201,-11.357224,2.000000
4.876986,-11.832447,2.000000
13.414964,-11.748680,2.000000
9.657929,-8.483137,2.000000
10.545963,10.962469,0.000000
12.109607,-6.177814,2.000000
-7.619673,-12.711124,1.000000
5.354797,-6.834552,2.000000
-11.490504,-11.655954,1.000000
13.009961,-6.491182,2.000000
9.138879,10.349390,0.000000
10.705646,-10.961374,2.000000
5.015632,7.624729,0.000000
-12.056141,-10.301460,1.000000
-12.575286,-11.247272,1.000000
14.322751,12.612813,0.000000
13.706371,-12.620360,2.000000
11.307637,-11.611020,2.000000
-11.094347,-11.095845,1.000000
7.647889,16.003623,0.000000
12.430063,4.207962,0.000000
11.557130,10.076020,0.000000
16.043398,11.447046,0.000000
7.655464,6.676537,0.000000
10.715288,13.624140,0.000000
12.157733,-15.226069,2.000000
12.231540,-13.143611,2.000000
-9.632436,-13.583839,1.000000
7.698610,-12.100978,2.000000
-9.235460,-3.813110,1.000000
9.177930,7.437993,0.000000
10.998874,13.495544,0.000000
-9.384871,-6.747293,1.000000
-11.577737,-9.175057,1.000000
13.868468,-14.506961,2.000000
6.250560,8.853472,0.000000
-9.262516,-7.989650,1.000000
-11.302962,-7.611535,1.000000
-11.329075,-12.360144,1.000000
10.655146,18.563739,0.000000
13.085278,-7.565529,2.000000
-6.722003,-10.682008,1.000000
-5.764411,-7.365288,1.000000
5.742234,9.204807,0.000000
10.284596,-6.550155,2.000000
6.546518,6.227922,0.000000
9.928030,9.793315,0.000000
14.443912,6.566207,0.000000
7.281576,6.849563,0.000000
6.483524,-10.944473,2.000000
7.617487,-10.714191,2.000000
5.755692,-8.932104,2.000000
-6.050236,-9.684694,1.000000
-13.256684,-6.699370,1.000000
8.352751,-13.034997,2.000000
12.481807,-8.736871,2.000000
6.169467,9.064076,0.000000
-6.122627,-14.112335,1.000000
-13.174284,-7.782118,1.000000
14.224814,-13.448110,2.000000
8.545110,-9.822530,2.000000
10.663076,14.135160,0.000000
-9.755902,-12.294585,1.000000
-11.540252,-8.791266,1.000000
4.806111,-7.661589,2.000000
12.675298,-6.824102,2.000000
11.958382,9.203023,0.000000
11.836298,7.182893,0.000000
-7.508142,-9.708619,1.000000
14.114334,13.281736,0.000000
7.474429,8.907558,0.000000
-9.063518,-5.430008,1.000000
8.437080,-14.618813,2.000000
9.802653,11.895243,0.000000
-10.072433,-8.895947,1.000000
11.195925,-15.791983,2.000000
-13.786554,-5.138705,1.000000
-11.602137,-8.711485,1.000000
-13.183480,-7.987558,1.000000
-9.180575,-10.733184,1.000000
9.541612,-5.870020,2.000000
9.448859,8.916551,0.000000
-10.347542,-9.840530,1.000000
10.107160,16.987855,0.000000
8.092414,-5.250818,2.000000
-12.312506,-10.638333,1.000000
-9.579283,-10.714381,1.000000
-9.064370,-14.028409,1.000000
-14.321716,-11.947887,1.000000
11.737621,-8.922398,2.000000
-10.559745,-14.295774,1.000000
-7.282578,-11.866296,1.000000
14.166976,-8.486432,2.000000
3.707682,14.754528,0.000000
-9.097733,-11.955384,1.000000
-10.620919,-12.063395,1.000000
-9.751757,-14.114754,1.000000
8.439274,5.103576,0.000000
6.990754,-14.550735,2.000000
-11.477879,-8.390136,1.000000
9.902533,-12.021012,2.000000
-8.266993,-8.097783,1.000000
7.999747,12.565050,0.000000
-10.627077,-9.739594,1.000000
-8.269051,-13.019213,1.000000
3.555771,-9.487693,2.000000
12.970885,10.544491,0.000000
10.815771,-14.329101,2.000000
13.651826,10.475141,0.000000
-14.545253,-12.464981,1.000000
-11.245645,-14.319192,1.000000
-11.258736,-7.440715,1.000000
16.078787,-15.836302,2.000000
11.934545,-8.464494,2.000000
-6.489851,-10.716390,1.000000
5.762832,-6.206062,2.000000
-7.668417,-14.140486,1.000000
10.949162,-5.762181,2.000000
4.465865,9.559956,0.000000
8.785326,9.955702,0.000000
9.411094,10.485730,0.000000
16.343109,10.510848,0.000000
9.857961,-9.617333,2.000000
-10.272825,-10.321809,1.000000
-11.882545,-7.511583,1.000000
-8.431678,-9.645083,1.000000
10.481836,0.779874,0.000000
10.296248,14.494882,0.000000
10.549618,-14.512278,2.000000
-9.416187,-6.480349,1.000000
11.369116,7.906036,0.000000
13.897795,9.775121,0.000000
3.379092,-5.235502,2.000000
12.408760,-14.842169,2.000000
7.383812,-9.004311,2.000000
6.670874,-9.966895,2.000000
5.713044,13.188391,0.000000
11.090590,8.009013,0.000000
9.277007,-10.846394,2.000000
10.299266,-9.690025,2.000000
13.026274,8.235761,0.000000
15.021936,9.856644,0.000000
7.165265,8.614932,0.000000
6.099150,12.705133,0.000000
-9.864064,-5.716717,1.000000
18.830045,13.667601,0.000000
-12.116345,-13.852018,1.000000
13.209995,6.160981,0.000000
6.635227,-7.893889,2.000000
-15.888520,-5.659272,1.000000
4.926422,-9.795318,2.000000
11.098264,3.807296,0.000000
5.997312,-8.212837,2.000000
7.472040,8.322150,0.000000
12.417550,10.023502,0.000000
-8.818139,-6.540397,1.000000
13.778220,7.637922,0.000000
-12.872566,-10.302258,1.000000
9.147729,-13.314261,2.000000
11.899952,9.004366,0.000000
-12.695002,-13.640356,1.000000
10.261737,7.203781,0.000000
12.298847,-6.742837,2.000000
15.114525,-5.574103,2.000000
10.662421,13.195302,0.000000
12.209540,-10.093680,2.000000
-10.388877,-8.807299,1.000000
11.624060,14.143483,0.000000
11.451771,13.769443,0.000000
-13.212788,-5.032283,1.000000
-8.118824,-16.088198,1.000000
5.036777,11.972181,0.000000
12.787752,8.563043,0.000000
9.296962,9.108702,0.000000
11.417169,-6.497404,2.000000
5.499521,-9.238354,2.000000
7.808593,4.092434,0.000000
-6.835195,-4.027149,1.000000
9.956288,6.649314,0.000000
7.060101,6.251294,0.000000
8.834364,13.454900,0.000000
-10.415514,-10.957183,1.000000
-10.022531,-16.348723,1.000000
17.807274,11.597641,0.000000
11.051099,11.376854,0.000000
11.505484,8.747726,0.000000
8.920196,-10.593841,2.000000
-13.111296,-4.871575,1.000000
8.855046,-10.657959,2.000000
10.697531,7.587645,0.000000
12.187578,-13.363757,2.000000
8.277552,8.526832,0.000000
9.707818,8.428961,0.000000
-9.054502,-7.768050,1.000000
-11.239192,-8.685024,1.000000
6.611397,15.114880,0.000000
14.526021,7.502766,0.000000
10.531207,-8.783706,2.000000
12.302295,14.510931,0.000000
13.935052,-12.204217,2.000000
8.004846,6.764667,0.000000
-12.205160,-13.330275,1.000000
6.819835,-13.886629,2.000000
-7.618468,-13.471728,1.000000
9.629410,7.781329,0.000000
4.940485,-14.129490,2.000000
13.020797,10.158040,0.000000
-7.431994,-8.080501,1.000000
-6.365033,-10.329122,1.000000
9.804841,-10.200199,2.000000
11.396658,12.554057,0.000000
-7.198617,-14.055822,1.000000
6.855911,-8.524752,2.000000
-9.237560,-5.142218,1.000000
10.235134,11.072025,0.000000
13.569826,-10.390621,2.000000
15.304664,-9.207929,2.000000
11.359299,14.047147,0.000000
-10.236914,-13.788508,1.000000
3.414278,12.175873,0.000000
-9.029819,-11.259347,1.000000
-8.781124,-6.423689,1.000000
9.569560,-4.945930,2.000000
14.097346,15.059304,0.000000
11.688876,-8.754517,2.000000
-19.612440,-8.441570,1.000000
9.369623,7.849163,0.000000
7.038506,13.062655,0.000000
11.778983,-10.856619,2.000000
8.332842,12.282405,0.000000
9.452590,-9.816145,2.000000
-6.488322,-6.513077,1.000000
12.345835,-9.249062,2.000000
-10.252364,-10.737603,1.000000
7.390922,-3.656160,2.000000
-10.725758,-16.428052,1.000000
12.310921,5.740226,0.000000
14.556305,16.682679,0.000000
-6.018970,-10.372799,1.000000
-6.895034,-8.119772,1.000000
3.188887,7.428245,0.000000
9.240894,-8.665547,2.000000
13.701163,3.513088,0.000000
-8.154228,-9.773720,1.000000
19.741434,5.602377,0.000000
6.983586,-10.381743,2.000000
11.154792,-9.584873,2.000000
-12.347441,-15.495913,1.000000
11.320112,9.717276,0.000000
6.633646,12.538422,0.000000
4.913065,10.794169,0.000000
9.157229,-5.182017,2.000000
6.189155,10.501694,0.000000
13.127836,-8.550541,2.000000
7.683789,8.431407,0.000000
13.561235,7.468706,0.000000
-6.693618,-7.147237,1.000000
13.062751,-11.700433,2.000000
4.702632,7.238800,0.000000
-6.391474,-11.920066,1.000000
-5.625139,-6.623555,1.000000
8.720197,14.055773,0.000000
15.949792,8.027203,0.000000
-6.663939,-8.861109,1.000000
13.834139,-13.045419,2.000000
14.004424,-9.454832,2.000000
-11.556545,-13.713270,1.000000
7.502157,-13.165672,2.000000
-9.808803,-16.282819,1.000000
5.270527,-9.903016,2.000000
-8.672077,-13.372497,1.000000
-13.142992,-9.493445,1.000000
12.732634,4.777903,0.000000
10.687356,-7.149271,2.000000
9.002405,8.362035,0.000000
9.698836,11.706036,0.000000
5.773953,13.240726,0.000000
8.142888,7.098529,0.000000
13.954161,-8.837416,2.000000
10.569032,9.825033,0.000000
-13.363863,-12.520462,1.000000
-10.210877,-2.226635,1.000000
-10.270231,-11.807018,1.000000
-6.379714,-14.715205,1.000000
10.469950,-8.807459,2.000000
17.027686,11.238148,0.000000
-8.885363,-6.322503,1.000000
6.529619,-11.779495,2.000000
8.532398,10.440383,0.000000
9.401392,-10.846860,2.000000
-4.282086,-10.300383,1.000000
12.655833,14.910234,0.000000
-9.212596,-9.530711,1.000000
9.174631,-10.588964,2.000000
10.411800,-10.366785,2.000000
6.999707,-7.326861,2.000000
11.546386,7.938913,0.000000
-7.550315,-10.077050,1.000000
-9.221338,-11.344393,1.000000
15.745903,-8.071011,2.000000
-6.343463,-8.646304,1.000000
-13.807645,-11.100142,1.000000
-14.009937,-14.812724,1.000000
-7.652432,-8.401197,1.000000
-13.550132,-7.384111,1.000000
10.666152,11.650065,0.000000
8.872097,-4.390244,2.000000
6.948718,-6.414392,2.000000
8.288406,6.836462,0.000000
-10.701544,-8.234655,1.000000
15.349584,7.189129,0.000000
13.069605,-10.850323,2.000000
-9.078027,-9.256444,1.000000
-11.548971,-5.730302,1.000000
11.841668,8.122959,0.000000
6.641617,-6.232035,2.000000
-8.008408,-13.994275,1.000000
11.719788,9.203634,0.000000
12.419759,7.383848,0.000000
11.781274,-7.391450,2.000000
-7.617470,-14.350100,1.000000
11.045804,10.270673,0.000000
7.668898,-8.478894,2.000000
-12.463188,-10.271624,1.000000
-8.672130,-11.781777,1.000000
-14.108876,-10.996815,1.000000
-11.698024,-10.555100,1.000000
-12.487616,-11.966898,1.000000
8.379920,-12.093846,2.000000
21.014852,-8.643175,2.000000
5.355666,4.178495,0.000000
8.404766,8.425366,0.000000
5.553165,6.875604,0.000000
-14.649857,-6.854829,1.000000
3.660002,-10.516775,2.000000
10.720522,9.518071,0.000000
11.572466,8.302708,0.000000
9.678729,14.309165,0.000000
-10.221644,-6.809315,1.000000
-6.248857,-7.128189,1.000000
11.063212,7.058611,0.000000
14.499206,10.347593,0.000000
8.305713,-8.988978,2.000000
-7.277105,-15.323671,1.000000
12.260497,8.936876,0.000000
6.686111,-7.471987,2.000000
6.313489,-13.554254,2.000000
-11.788596,-8.218567,1.000000
-9.113180,-14.153007,1.000000
7.018039,-8.810342,2.000000
8.827930,10.912642,0.000000
13.835846,7.322764,0.000000
8.513165,-10.716553,2.000000
6.235142,-13.948749,2.000000
-11.788191,-6.449942,1.000000
15.870453,-11.004660,2.000000
7.650926,-14.124488,2.000000
10.584266,-7.789897,2.000000
-13.184348,-10.917062,1.000000
-5.879980,-9.505868,1.000000
9.945159,8.200312,0.000000
4.407103,-8.058505,2.000000
3.561498,6.670404,0.000000
-7.806101,-16.447946,1.000000
7.008118,12.978324,0.000000
12.968838,13.828298,0.000000
8.922140,-14.766012,2.000000
11.916733,-12.066489,2.000000
10.909655,9.793090,0.000000
11.861821,-11.550595,2.000000
9.994716,-12.701205,2.000000
-12.942772,-15.257106,1.000000
13.200764,-9.007050,2.000000
13.804779,7.316135,0.000000
12.154633,13.392624,0.000000
7.867881,7.461531,0.000000
-12.783366,-14.833411,1.000000
15.403950,-7.798034,2.000000
10.940727,-10.123809,2.000000
9.458913,-9.937472,2.000000
-14.556605,-12.048776,1.000000
6.522860,-8.090860,2.000000
8.266789,-10.813908,2.000000
13.659347,-9.495088,2.000000
3.755340,8.136577,0.000000
9.784611,6.096460,0.000000
15.348523,3.987418,0.000000
8.182831,8.793740,0.000000
6.657393,13.450206,0.000000
-13.730656,-9.195824,1.000000
11.283378,-8.230193,2.000000
10.917556,9.809441,0.000000
-6.289043,-9.025077,1.000000
7.900386,-4.725569,2.000000
5.950032,1.211600,2.000000
-8.273858,-6.495481,1.000000
10.757830,9.783759,0.000000
-13.165727,-6.439114,1.000000
10.509898,12.992936,0.000000
-12.934883,-14.524855,1.000000
15.105715,10.482774,0.000000
12.515484,-10.816928,2.000000
-8.395887,-10.945906,1.000000
9.765752,7.425922,0.000000
-11.870821,-10.821928,1.000000
-10.799856,-13.009260,1.000000
12.697433,-9.997177,2.000000
6.852448,6.651120,0.000000
15.462291,-13.993740,2.000000
-11.983046,-14.565486,1.000000
11.264992,11.087733,0.000000
6.928106,-11.951260,2.000000
14.695183,9.065173,0.000000
12.955623,-6.736511,2.000000
9.778397,-5.466446,2.000000
7.740869,-7.132081,2.000000
-3.216267,-11.657810,1.000000
8.534409,12.640227,0.000000
9.953979,9.136639,0.000000
-8.435746,-4.314210,1.000000
-14.992936,-12.166943,1.000000
-8.247888,-8.625497,1.000000
10.101076,-13.726050,2.000000
11.450481,11.996623,0.000000
8.183244,9.183439,0.000000
14.404179,-14.216741,2.000000
12.111156,-10.406971,2.000000
11.042922,-8.087516,2.000000
6.334737,7.890315,0.000000
-12.052602,-11.348195,1.000000
-8.174148,-10.322889,1.000000
5.718624,4.299907,0.000000
-6.304243,-6.946082,1.000000
-13.340085,-12.627579,1.000000
10.826008,10.536983,0.000000
10.034099,-12.450458,2.000000
-9.648227,-6.656080,1.000000
-9.932001,-5.317567,1.000000
12.885018,-13.140056,2.000000
-10.609406,-7.892925,1.000000
10.214973,-7.774455,2.000000
12.332188,10.483851,0.000000
9.426003,-1.842586,2.000000
-12.934511,-14.331174,1.000000
11.166908,3.304952,0.000000
12.872993,-5.721673,2.000000
7.789993,-7.664081,2.000000
-8.188758,-17.583959,1.000000
-8.185791,-13.440796,1.000000
15.313691,-9.427879,2.000000
8.229606,13.693179,0.000000
9.455504,-7.611401,2.000000
11.292809,-6.473394,2.000000
-8.606882,-9.642220,1.000000
7.668882,-6.748385,2.000000
7.544803,14.617512,0.000000
4.666371,11.831185,0.000000
8.010304,-11.230514,2.000000
-6.896550,-13.641348,1.000000
-15.434791,-15.550804,1.000000
-8.073999,-4.170624,1.000000
11.133961,9.916963,0.000000
10.013221,8.019419,0.000000
6.243676,13.787614,0.000000
10.138051,-6.382313,2.000000
8.055170,7.942279,0.000000
5.771604,-6.682931,2.000000
9.574511,9.328609,0.000000
6.585215,10.950307,0.000000
11.132205,6.621750,0.000000
6.392516,9.180732,0.000000
9.248731,-9.034222,2.000000
7.681324,12.811228,0.000000
12.828058,-10.123654,2.000000
8.679118,-5.395331,2.000000
9.176698,-12.083420,2.000000
2.922801,7.156871,0.000000
7.390603,8.871084,0.000000
10.385669,-11.603614,2.000000
-6.223644,-10.301759,1.000000
4.821575,-11.157076,2.000000
-7.173019,-12.773881,1.000000
11.660064,15.510687,0.000000
-12.888386,-9.662788,1.000000
5.827069,-12.123076,2.000000
-5.484431,-11.121179,1.000000
8.074074,11.227475,0.000000
8.769747,11.107032,0.000000
10.744323,-11.249446,2.000000
-11.811632,-7.154330,1.000000
-10.527541,-11.805832,1.000000
-10.726957,-11.325740,1.000000
9.678649,7.434945,0.000000
-9.018772,-11.655631,1.000000
-10.267277,-4.178524,1.000000
5.056640,12.057780,0.000000
11.499124,-15.109563,2.000000
-9.790663,-10.542470,1.000000
-7.073824,-9.470590,1.000000
-10.794624,-11.635859,1.000000
11.264174,-11.377457,2.000000
1.558354,-9.584933,2.000000
5.475317,11.176827,0.000000
7.242212,-8.178402,2.000000
-6.741704,-14.039545,1.000000
8.751524,9.203122,0.000000
9.789535,11.329984,0.000000
12.928779,-4.066908,2.000000
-9.857194,-12.814663,1.000000
12.492440,10.342448,0.000000
14.085274,-2.889056,2.000000
3.727667,-7.061944,2.000000
-5.336212,-7.967363,1.000000
3.182418,-9.484275,2.000000
-9.829541,-4.877295,1.000000
13.267390,8.506685,0.000000
7.881981,-10.945498,2.000000
9.826335,9.868807,0.000000
8.587282,-5.295289,2.000000
7.417497,11.767439,0.000000
8.415755,-8.310007,2.000000
8.423204,-8.442757,2.000000
9.704540,-12.552565,2.000000
-11.424450,-10.968098,1.000000
8.146036,8.328572,0.000000
12.014830,-13.082430,2.000000
7.773169,-6.794285,2.000000
17.190649,11.944614,0.000000
8.434058,9.056303,0.000000
13.749303,-8.090535,2.000000
-6.049519,-11.520928,1.000000
6.488192,10.318038,0.000000
7.633925,-13.635569,2.000000
-9.286321,-11.351258,1.000000
12.194648,12.536417,0.000000
16.413173,14.152483,0.000000
8.878746,11.012331,0.000000
-10.196974,-9.451907,1.000000
-7.519762,-5.733981,1.000000
-7.986868,-4.727004,1.000000
-11.993701,-10.379860,1.000000
14.179342,9.317757,0.000000
14.593740,-9.449045,2.000000
-7.604584,-10.259173,1.000000
13.030822,11.319857,0.000000
9.868180,7.945653,0.000000
12.768774,10.199979,0.000000
11.754386,7.785116,0.000000
17.485893,7.979021,0.000000
6.195717,13.510480,0.000000
11.567980,11.384965,0.000000
7.115549,9.826499,0.000000
-11.684660,-6.636454,1.000000
-13.607875,-12.088370,1.000000
9.115460,13.088974,0.000000
-8.117439,-13.636320,1.000000
10.236892,-7.194087,2.000000
-9.828528,-8.815803,1.000000
13.042001,-3.907984,2.000000
9.560177,-7.668111,2.000000
-10.104827,-15.536277,1.000000
9.217741,-7.379871,2.000000
8.263562,12.737648,0.000000
-10.047441,-9.250455,1.000000
9.856636,-9.440528,2.000000
-11.624869,-13.289948,1.000000
12.373525,6.777015,0.000000
-9.540994,-10.597276,1.000000
9.338911,-11.344459,2.000000
-7.686116,-11.379516,1.000000
-9.238828,-8.303498,1.000000
13.954114,9.833358,0.000000
10.519725,11.353884,0.000000
4.866244,-12.335901,2.000000
7.083049,-4.015694,2.000000
-7.791781,-9.357770,1.000000
13.230655,11.351930,0.000000
11.510610,7.338530,0.000000
10.075490,-11.594050,2.000000
9.375596,-5.393672,2.000000
-12.857891,-7.050019,1.000000
-14.133687,-12.832554,1.000000
9.864919,-10.431117,2.000000
8.820999,-9.209485,2.000000
-11.442563,-15.341397,1.000000
-10.302196,-11.600331,1.000000
-10.610137,-10.181976,1.000000
-7.485352,-7.521933,1.000000
-12.085497,-5.834318,1.000000
11.509106,-12.716273,2.000000
-6.559920,-10.878460,1.000000
12.601860,4.213383,0.000000
10.772431,-8.827561,2.000000
11.840758,-17.365927,2.000000
6.225175,-5.450550,2.000000
10.994301,10.134544,0.000000
17.422595,15.600395,0.000000
5.853852,9.399140,0.000000
14.500782,-7.928165,2.000000
3.914650,-8.364078,2.000000
6.866784,-8.932365,2.000000
8.138764,6.355668,0.000000
10.086764,9.332683,0.000000
-9.981051,-5.936826,1.000000
5.516167,9.364193,0.000000
9.429692,10.039166,0.000000
11.047448,11.184656,0.000000
6.463457,-12.216270,2.000000
-6.699941,-6.956649,1.000000
6.737294,-6.239794,2.000000
9.006295,-14.666408,2.000000
9.417732,-11.214181,2.000000
7.601849,9.641577,0.000000
10.874548,15.854606,0.000000
7.708626,16.584119,0.000000
8.979355,8.448936,0.000000
-12.772988,-10.568608,1.000000
-9.776045,-7.666744,1.000000
-8.010744,-14.071268,1.000000
-14.527819,-9.175839,1.000000
8.577755,14.033868,0.000000
8.058462,8.375657,0.000000
-14.959433,-10.931789,1.000000
-9.511200,-12.888037,1.000000
8.146772,11.544920,0.000000
10.394583,10.609372,0.000000
13.284280,6.580240,0.000000
9.613273,-12.614411,2.000000
8.267276,-3.118411,2.000000
7.970750,-6.850894,2.000000
7.912530,8.823577,0.000000
8.576408,8.031447,0.000000
8.347135,-5.683829,2.000000
10.425665,10.880925,0.000000
9.494900,-16.573326,2.000000
12.729646,12.245168,0.000000
12.573428,-4.204080,2.000000
-11.998530,-12.831912,1.000000
6.933388,-7.173748,2.000000
10.355780,-11.037840,2.000000
6.408577,-12.375787,2.000000
7.737605,9.971579,0.000000
-3.925228,-8.045007,1.000000
15.654456,-13.484250,2.000000
-5.077202,-7.467670,1.000000
-9.047663,-7.759188,1.000000
6.250718,8.741195,0.000000
8.724454,10.899460,0.000000
14.049353,-13.714789,2.000000
11.561615,9.913573,0.000000
-12.841278,-13.061411,1.000000
-8.113380,-8.716471,1.000000
9.321884,-8.214638,2.000000
16.223533,10.003318,0.000000
-12.057458,-10.129944,1.000000
-8.956235,-7.901750,1.000000
8.933033,-11.780392,2.000000
11.402025,5.262268,0.000000
9.973596,11.604410,0.000000
11.384648,-9.720398,2.000000
12.973039,-16.575272,2.000000
6.189849,11.556665,0.000000
13.357863,7.327079,0.000000
14.154613,12.626501,0.000000
9.277090,12.128832,0.000000
12.198927,9.810159,0.000000
10.238786,-7.261278,2.000000
5.522188,-10.542899,2.000000
15.191976,8.141202,0.000000
-8.880092,-9.776073,1.000000
-10.537079,-9.449072,1.000000
3.709614,8.223870,0.000000
-8.831001,-10.786409,1.000000
9.646918,6.332140,0.000000
12.730893,-7.822321,2.000000
10.433619,-8.230325,2.000000
12.617372,-17.858171,2.000000
-8.998699,-16.234339,1.000000
14.375432,-10.096304,2.000000
-0.079189,-9.532348,1.000000
5.871203,-11.062918,2.000000
10.959350,7.933194,0.000000
10.721173,9.035176,0.000000
-11.303044,-5.646307,1.000000
7.280241,10.191699,0.000000
17.573155,7.673006,0.000000
8.983130,8.273842,0.000000
8.591233,13.642014,0.000000
9.038795,9.278925,0.000000
8.441282,-6.082966,2.000000
14.657662,9.189083,0.000000
-8.566493,-15.257032,1.000000
9.051572,-9.936734,2.000000
8.933922,-10.490181,2.000000
-13.331926,-8.144423,1.000000
7.916421,4.491468,0.000000
10.754738,11.237635,0.000000
13.428033,9.387864,0.000000
12.360254,14.775900,0.000000
9.240692,12.253648,0.000000
-9.734162,-12.033439,1.000000
13.424301,10.419187,0.000000
-3.542955,-10.578285,1.000000
12.028421,-8.637630,2.000000
7.688310,-8.474832,2.000000
10.806940,15.297662,0.000000
-10.414930,-10.815319,1.000000
-9.502970,-19.063674,1.000000
13.538063,-8.850504,2.000000
8.793136,7.132182,0.000000
10.311792,7.687804,0.000000
10.747379,12.800529,0.000000
12.418321,9.407739,0.000000
12.593563,-9.858233,2.000000
9.417983,12.698840,0.000000
5.419424,-11.818859,2.000000
7.624442,10.971057,0.000000
7.617707,-11.507501,2.000000
6.298463,6.251799,0.000000
-11.073690,-11.338731,1.000000
-4.057875,-7.757242,1.000000
7.808117,4.622856,0.000000
-12.709301,-7.642992,1.000000
10.570291,9.376161,0.000000
6.054518,-9.152864,2.000000
8.814627,-16.741965,2.000000
6.842813,9.054095,0.000000
-8.216984,-11.189015,1.000000
10.239302,-6.424590,2.000000
9.462883,-3.836240,2.000000
7.734849,11.144701,0.000000
10.667057,-9.324502,2.000000
13.308340,8.297950,0.000000
14.710170,-9.525086,2.000000
5.705566,10.018767,0.000000
7.689776,13.132572,0.000000
6.806588,11.740032,0.000000
13.862786,-12.704943,2.000000
12.490430,-8.332572,2.000000
13.762202,-11.605356,2.000000
11.006203,4.923422,0.000000
5.453272,-11.040119,2.000000
13.706987,-13.540935,2.000000
-8.077268,-9.321008,1.000000
9.676963,8.483669,0.000000
10.562275,5.879313,0.000000
7.280239,6.754028,0.000000
-8.035077,-10.395308,1.000000
11.103157,9.544129,0.000000
16.672899,11.843244,0.000000
11.155541,8.881299,0.000000
1.062227,11.928308,0.000000
13.751330,6.935838,0.000000
13.488411,9.247074,0.000000
-7.861081,-11.400988,1.000000
10.070636,12.674630,0.000000
4.533409,7.448217,0.000000
-12.251261,-8.406238,1.000000
-12.099397,-5.262605,1.000000
10.739229,2.936998,0.000000
9.417208,13.991067,0.000000
-5.921431,-10.746315,1.000000
16.988078,-10.608755,2.000000
11.026777,15.816151,0.000000
13.300290,-13.400971,2.000000
5.205430,-8.710861,2.000000
3.732440,15.339110,0.000000
4.147846,7.657513,0.000000
-8.423906,-16.072827,1.000000
-11.517353,-10.518147,1.000000
6.927444,12.828928,0.000000
6.845705,15.127792,0.000000
7.259382,-15.807664,2.000000
15.655907,-13.325514,2.000000
11.764129,8.478929,0.000000
8.019892,-9.810457,2.000000
-8.648473,-6.323278,1.000000
9.897889,9.156988,0.000000
3.966652,15.446377,0.000000
11.583623,4.340483,0.000000
-8.553348,-8.180101,1.000000
8.570590,-17.478856,2.000000
10.657108,-12.275023,2.000000
-6.612171,-10.789140,1.000000
-9.209740,-7.043673,1.000000
11.255061,-9.233397,2.000000
6.029176,11.542018,0.000000
9.133256,8.032398,0.000000
8.797419,-11.599504,2.000000
8.904287,-8.703276,2.000000
6.363757,9.721792,0.000000
9.759071,8.148143,0.000000
-8.134364,-9.466713,1.000000
10.705893,-16.068061,2.000000
-6.972484,-6.037477,1.000000
-5.639135,-13.224863,1.000000
7.756604,10.487911,0.000000
14.328931,11.724985,0.000000
5.963686,6.713423,0.000000
-6.569723,-10.726730,1.000000
-7.743009,-12.077871,1.000000
5.492708,4.049934,0.000000
-9.558847,-9.736100,1.000000
-13.723199,-13.905092,1.000000
10.628672,-5.917381,2.000000
7.751937,7.409488,0.000000
-8.827407,-15.349356,1.000000
11.303878,13.092468,0.000000
-10.272770,-13.340022,1.000000
8.389918,8.248716,0.000000
10.271595,3.903761,0.000000
7.348435,9.951209,0.000000
13.217874,-14.666421,2.000000
5.319825,7.851033,0.000000
7.860705,-13.533089,2.000000
9.210032,-12.465899,2.000000
12.039944,9.228697,0.000000
10.697684,10.646435,0.000000
-13.043917,-12.531299,1.000000
8.813810,14.689608,0.000000
-11.247634,-8.876665,1.000000
-11.824122,-5.184440,1.000000
-7.839485,-8.821595,1.000000
8.621991,-8.024261,2.000000
11.150164,-7.586321,2.000000
7.800906,-10.230405,2.000000
11.378423,-7.999771,2.000000
13.116180,9.120496,0.000000
-10.321999,-9.926335,1.000000
-12.042951,-9.601787,1.000000
7.513155,8.901432,0.000000
8.206358,-12.721723,2.000000
10.027711,-6.303885,2.000000
9.181103,7.528171,0.000000
-14.063505,-9.267164,1.000000
12.945375,5.625773,0.000000
8.028974,13.321095,0.000000
-7.598752,-8.173186,1.000000
9.983259,-8.531198,2.000000
-10.344850,-12.556531,1.000000
-12.916590,-8.600314,1.000000
-11.488707,-8.846350,1.000000
-12.828903,-3.002765,1.000000
-10.006112,-11.618397,1.000000
10.527516,6.639727,0.000000
-6.879337,-10.617746,1.000000
10.074947,13.624972,0.000000
8.689003,7.057590,0.000000
7.502243,-8.161102,2.000000
7.881347,-12.409026,2.000000
10.727843,-12.244447,2.000000
-10.135221,-7.667669,1.000000
8.574711,-9.551185,2.000000
-9.766766,-12.109549,1.000000
3.364068,-14.850481,2.000000
8.350176,12.142880,0.000000
5.515079,14.451760,0.000000
-7.306358,-10.458557,1.000000
-10.001221,-11.567233,1.000000
8.746487,6.277495,0.000000
13.149453,8.893504,0.000000
11.744107,-9.612643,2.000000
5.408776,-14.339573,2.000000
10.059968,8.719559,0.000000
9.202787,-11.931819,2.000000
17.043891,6.974290,0.000000
11.568856,10.544091,0.000000
-4.557734,-11.037076,1.000000
7.902760,-17.007745,2.000000
8.261989,10.666560,0.000000
-6.474028,-15.377685,1.000000
8.285616,-16.232538,2.000000
-10.407207,-10.481673,1.000000
-7.528497,-4.532738,1.000000
10.171452,-10.315047,2.000000
4.533310,-12.281027,2.000000
10.331118,12.842054,0.000000
2.336755,3.433341,0.000000
-6.687416,-9.953641,1.000000
11.825864,11.357143,0.000000
7.601804,10.415110,0.000000
-10.271732,-8.843369,1.000000
12.026455,-14.268340,2.000000
11.335474,-9.096982,2.000000
7.324964,-7.373866,2.000000
8.184936,13.417000,0.000000
-7.532414,-6.104231,1.000000
-6.386518,-12.968107,1.000000
-4.670107,-11.575941,1.000000
-11.514272,-9.420060,1.000000
9.750481,-11.133391,2.000000
8.575712,12.688645,0.000000
9.943066,-10.638939,2.000000
5.974866,7.699292,0.000000
11.962558,10.744565,0.000000
11.163657,13.717506,0.000000
-13.237147,-12.655229,1.000000
5.923587,-11.311637,2.000000
6.948476,7.155094,0.000000
-15.765533,-7.002951,1.000000
8.468450,-8.847246,2.000000
6.368044,8.745852,0.000000
13.659916,-10.297873,2.000000
11.276330,-10.440085,2.000000
10.507764,12.032626,0.000000
7.551820,-6.897282,2.000000
13.793412,11.170601,0.000000
-5.323859,-11.778955,1.000000
-10.025977,-10.511110,1.000000
-9.017363,-11.864229,1.000000
10.291525,10.530498,0.000000
11.173094,4.628707,0.000000
7.702020,6.873147,0.000000
13.922130,-12.264172,2.000000
-11.643007,-10.286695,1.000000
-13.924022,-10.652977,1.000000
-10.820133,-7.892199,1.000000
8.497166,-10.513243,2.000000
7.380319,-12.500094,2.000000
16.828160,11.614355,0.000000
-7.053247,-7.187076,1.000000
9.647493,13.509039,0.000000
10.761961,6.436430,0.000000
10.400263,15.365557,0.000000
-9.300170,-16.211781,1.000000
11.058810,11.966753,0.000000
-12.263259,-9.665014,1.000000
7.374854,14.041636,0.000000
11.282541,15.417749,0.000000
-10.848487,-7.756991,1.000000
8.133948,-10.518141,2.000000
5.817020,10.842102,0.000000
9.430508,6.893992,0.000000
-11.444401,-14.184588,1.000000
12.989166,8.654794,0.000000
5.035022,7.337619,0.000000
6.724803,12.414944,0.000000
9.583414,7.061302,0.000000
-9.780680,-12.282586,1.000000
-15.850589,-4.049986,1.000000
7.058322,-9.933306,2.000000
8.931548,15.320754,0.000000
8.232121,-12.035463,2.000000
10.980505,9.174502,0.000000
-13.094430,-10.453892,1.000000
14.729723,1.213979,0.000000
10.983424,-14.331483,2.000000
11.828459,7.554845,0.000000
10.591105,-11.500892,2.000000
-9.214453,-10.204317,1.000000
10.360627,-13.118208,2.000000
-11.784333,-10.066371,1.000000
9.856824,8.927178,0.000000
12.525460,4.781291,0.000000
11.548273,11.121529,0.000000
9.227893,-12.538486,2.000000
-10.366864,-6.763964,1.000000
7.830346,12.954220,0.000000
6.022412,-9.525925,2.000000
7.142082,-4.398047,2.000000
-13.710960,-13.069000,1.000000
14.814627,-8.792450,2.000000
9.136731,-7.359526,2.000000
6.923280,12.237662,0.000000
-5.936134,-13.243948,1.000000
-9.500335,-12.745412,1.000000
7.524442,-17.083148,2.000000
6.905468,-7.820785,2.000000
11.587787,-12.176627,2.000000
11.445126,10.316062,0.000000
13.051980,5.205133,0.000000
7.725639,-10.267965,2.000000
15.994392,10.479000,0.000000
-5.821476,-9.482782,1.000000
10.560835,16.305781,0.000000
-11.593288,-19.682761,1.000000
14.121877,-9.285347,2.000000
9.597489,6.085550,0.000000
12.144207,7.282433,0.000000
12.551956,-10.599055,2.000000
-13.261291,-6.634273,1.000000
-6.009659,-8.191794,1.000000
-11.546822,-8.106440,1.000000
-13.871940,-9.944010,1.000000
7.537655,-11.433502,2.000000
5.971289,-6.477220,2.000000
7.847506,-11.960193,2.000000
13.274085,11.078306,0.000000
12.485048,13.215180,0.000000
10.844340,-4.719818,2.000000
-10.564377,-6.630365,1.000000
-13.647427,-12.000026,1.000000
-12.909492,-9.704808,1.000000
9.150508,10.175343,0.000000
17.537505,-12.403904,2.000000
7.127555,6.837138,0.000000
9.699141,14.657536,0.000000
13.688326,8.420009,0.000000
-11.421680,-5.767931,1.000000
14.619841,-13.872253,2.000000
-11.410843,-10.439348,1.000000
-12.644415,-10.380742,1.000000
6.950126,-14.673446,2.000000
12.807710,-7.509198,2.000000
-12.737286,-11.212945,1.000000
12.658129,16.967257,0.000000
-16.228622,-7.060662,1.000000
-10.903179,-10.944528,1.000000
8.818527,14.892917,0.000000
-12.389911,-13.742073,1.000000
7.818409,-13.890650,2.000000
5.939053,7.767863,0.000000
9.854480,-8.948357,2.000000
6.537153,-5.119278,2.000000
12.623526,9.106185,0.000000
-9.112121,-9.263365,1.000000
15.691608,-4.962200,2.000000
-1.203825,-15.601741,1.000000
14.720383,-5.308862,2.000000
7.380159,-10.624280,2.000000
-12.660297,-9.919214,1.000000
8.796783,-5.540442,2.000000
-13.416000,-10.585253,1.000000
8.793885,-11.109166,2.000000
8.626865,-9.717413,2.000000
8.266906,11.663107,0.000000
7.708340,4.290794,0.000000
-10.342895,-4.890649,1.000000
