-22.856666,-30.302967
17.637588,8.613766
-24.046328,19.647426
-25.918317,12.200390
5.908121,-18.359366
8.395719,-15.811708
54.167437,34.896393
10.578269,-23.167404
-9.685525,-14.360309
-22.501789,29.040784
30.942313,44.132309
-10.027756,-14.248434
-12.576694,22.464926
16.246306,-6.408005
27.111296,38.706689
-18.040474,18.843698
4.734732,-10.351435
12.230843,6.179804
14.670382,-6.852356
40.403197,43.643243
-8.970492,-10.520844
29.516558,45.570037
11.151593,-3.277182
-7.169369,-14.298148
-15.193572,-11.108363
6.735708,15.902925
-15.790257,-15.358633
10.648434,-12.722290
50.478499,49.976926
-3.075209,-21.569012
-17.360838,36.970610
7.479950,-5.128649
9.224439,-2.457307
5.058678,2.635346
10.999673,30.589645
44.667649,32.194059
10.561026,9.007463
-11.723907,22.000790
36.487070,35.740057
-18.426344,1.828833
-16.433519,10.291015
47.099296,35.096649
-14.672295,-4.673340
-6.070636,-9.451930
-8.651483,17.394490
33.791190,42.546987
-14.647942,-8.353781
43.218758,30.402374
-15.756623,17.907330
6.785476,1.230763
-17.579158,-18.797672
-10.362864,11.728431
16.919343,21.972053
-11.991075,-10.847925
14.988386,-9.104530
29.842407,53.920879
-5.163852,23.653701
-22.495682,13.794060
7.805653,-7.936204
3.478609,0.661900
15.279199,-5.792667
24.905062,-6.592052
7.503508,8.409066
-9.223429,9.738504
-10.200069,-6.224246
8.068999,-21.312922
-11.444341,7.003270
15.965470,3.107197
11.415279,-15.467209
-21.420035,9.647575
14.699570,19.717637
14.875678,11.224651
-12.999305,5.004597
30.131684,31.948535
0.827052,-19.680250
48.802231,35.647028
-6.520490,-17.811820
43.246480,43.932871
-21.137485,-9.454585
16.254554,11.397889
10.571522,-8.653073
5.105198,-9.864294
46.291967,39.704238
35.627092,36.153637
-10.936649,-9.210228
8.422199,-17.836669
30.542080,33.494307
-0.125818,-12.575961
-0.794285,-8.178457
-1.878574,15.509448
36.111347,31.206452
-23.331369,22.465332
14.494074,12.486504
14.219561,21.978829
16.386552,12.343743
28.480525,41.921430
8.649910,-3.506990
-25.290291,16.063061
9.594232,-1.131990
41.433358,34.342978
-13.584619,-6.853779
18.715129,7.338329
-14.783772,6.382279
17.980038,17.768018
0.393283,-7.846651
-8.494815,-4.192301
-15.354671,22.663017
-9.784867,-16.111942
29.450486,-15.650598
37.548008,56.281001
5.945309,-4.948110
37.368764,41.746478
47.669068,45.045260
15.851879,12.518891
-11.237306,6.948823
-5.762196,-11.511067
12.210975,5.129128
13.418020,-16.668891
-16.635814,24.902699
22.348066,22.795753
30.120380,30.927244
36.468385,49.971040
-23.328891,19.370251
-21.806136,-15.478807
5.837676,-11.349521
-6.482025,3.233173
41.462382,38.799654
12.375643,19.620228
38.331184,40.660565
14.260755,-11.566236
-4.356103,15.007988
3.065592,-14.453613
13.256126,-8.225840
9.270919,6.065924
48.139285,31.656434
38.133653,29.134947
-13.435809,-4.589150
-23.073360,-5.381624
-19.123430,4.348186
-1.432125,-12.300437
14.998462,8.956199
11.810116,0.488994
41.739584,41.713583
3.702179,-13.681626
17.310298,7.640508
-8.625475,16.571094
11.341696,-7.547492
13.174383,16.032321
15.349873,-5.325990
15.468697,-7.265490
14.609559,14.528679
-13.619795,8.797689
16.388673,-11.109510
45.838717,52.532787
-24.800914,9.029098
0.984645,-1.954262
14.201278,17.786036
0.230434,9.003509
2.206649,-15.192573
30.467797,28.948707
-16.388363,-12.840939
-21.684398,-1.095088
40.071661,42.979490
42.589646,38.257271
45.925053,54.403204
15.190549,15.371973
1.457931,-10.254194
-12.757853,29.704229
32.797328,33.413500
1.351734,-19.033848
-16.644804,-8.959866
-15.064441,-14.979025
-4.176650,-9.485348
29.263986,28.600380
40.167440,37.852426
11.972675,-26.759617
3.505158,-7.935226
3.492907,-23.060075
-13.207964,15.529192
-4.401960,8.175510
-7.423366,10.681068
-5.703733,18.487561
3.456827,-12.313182
12.248266,3.455793
49.183142,41.815939
7.957451,-21.244434
40.169424,32.219567
3.879493,10.754537
-15.878161,12.425310
12.127002,15.973809
-16.268630,13.888857
16.464401,-19.585483
-20.093972,-19.675353
21.148835,-0.719991
-17.513338,26.412857
10.092331,4.377251
-10.937418,20.833651
13.791726,-11.961568
-22.911134,15.694676
13.186451,6.918049
-8.250627,-1.964479
14.676968,-16.711217
-4.161042,0.302709
8.838043,8.243294
16.204809,-14.867446
-9.523648,-13.793108
11.050939,9.145334
2.946342,14.920796
-0.658801,-17.350546
35.924391,50.431628
-13.858828,6.720351
-28.238621,17.830075
-15.550060,13.030040
-11.639168,-1.773012
-21.346634,21.970276
-15.379721,-7.723164
-12.312706,-2.717012
-6.110367,-25.545824
-7.042099,-13.251011
-6.010667,11.914736
14.476632,-2.612981
9.077437,6.812580
-2.291139,10.308010
-25.790358,-8.856420
-15.506867,10.871789
-0.732055,-0.703021
5.593347,-3.302971
11.940408,-17.140317
48.468884,42.354559
-27.473958,-12.990879
9.894919,4.285424
-13.490371,10.205198
-18.199709,-10.704562
-10.526305,-28.084662
-4.260833,-11.267082
8.978304,-23.887344
-15.651138,-16.842559
-10.322746,-9.750291
-1.904157,13.326245
8.569328,9.211287
35.119625,39.260281
36.813171,38.066675
14.990585,21.191210
-6.350398,-7.032817
17.167476,5.403308
-3.853982,-16.148584
-10.586108,0.141216
20.210046,8.476789
-10.878333,9.667614
-5.084922,14.658769
-8.653333,-7.102008
12.708144,24.043514
8.947431,8.976337
39.732961,40.787040
30.147805,33.274739
10.613335,-14.332101
16.694238,20.014355
-6.182377,28.934402
5.825021,18.095159
22.781377,-12.035717
38.648244,50.448230
7.297529,-14.582884
-15.421691,-26.461476
-9.161493,-12.542781
18.893183,16.545566
-8.725973,-3.261297
31.151777,43.917076
46.303821,46.815971
35.729366,42.230637
-17.409440,11.815337
-4.442463,13.451958
6.332098,9.005297
9.892500,-2.970909
-0.963665,-7.228344
12.531384,-1.140696
12.964170,-4.288830
15.098124,10.150859
2.647716,-3.317558
11.341407,16.502437
8.209857,-15.626675
-8.651492,-7.852043
-11.964850,8.615275
5.463101,-0.169436
53.025927,43.027412
54.275234,48.054747
0.228601,31.289012
17.151268,10.080446
16.855988,-19.484471
-29.085175,8.735960
41.528877,40.559803
-17.110088,4.280477
42.495767,35.875966
-15.585848,16.594599
33.817399,49.533198
-19.883267,-7.410846
-19.189566,-11.407448
-2.594167,4.125844
44.487897,44.940404
32.368625,44.792185
-12.577532,-0.203862
-16.506206,16.147538
-9.798420,-4.380672
33.438142,43.357260
14.451087,-10.977129
-21.122800,-10.993759
7.693606,8.128937
8.332326,-3.742892
8.934201,26.497184
13.467268,-8.368164
-4.993998,15.908237
31.723218,44.134402
-38.574718,18.358531
-19.919776,11.715878
6.881487,16.097652
-13.717968,-6.319691
-5.749834,3.799131
40.644827,50.553368
8.296713,-24.276547
-12.804575,6.726614
-0.242685,-10.664685
10.197128,-14.176679
7.112952,16.440829
51.583311,36.642608
-16.287551,-2.770728
35.713382,19.097174
7.156496,-17.254670
-12.612181,-18.125249
5.209957,0.456615
40.639498,32.143448
30.294173,39.685877
46.017534,33.263813
2.773192,1.770509
-31.673031,15.147589
12.439261,-13.482114
-26.208898,17.072180
4.944242,2.357739
-18.722734,40.312579
40.282838,42.232111
12.195988,-5.010205
-15.584081,11.698517
5.193351,-11.542108
-8.680473,-14.294292
38.287087,43.169853
50.087871,39.926668
-1.298876,5.274152
14.903615,0.411266
16.393499,-6.749962
-3.445542,-14.747077
20.478345,-22.420869
-0.080822,-10.158858
5.332945,-1.125426
23.187277,-23.680880
14.867045,-0.981852
8.125815,-24.391626
-11.248564,26.103131
-10.748882,-22.100530
19.562034,12.217215
32.290512,37.649523
-15.854708,-4.476349
19.067760,-6.475227
20.213459,17.911799
3.611525,-16.677108
-4.840413,-7.728219
2.700964,3.405740
15.663378,12.857573
-5.601268,22.709760
30.954312,34.038136
-9.512605,14.380681
-9.284591,-5.286283
12.303918,-11.213468
0.366410,-11.070917
14.502768,14.426537
33.402751,40.207305
-5.858241,16.713158
0.061097,-3.500470
2.950222,2.933071
50.633929,40.085489
-3.033915,-15.473378
-13.100658,16.289368
-25.583943,12.566464
-9.151831,-11.575236
-4.772364,-19.249421
-20.749964,25.816895
-7.485672,-3.506188
8.179541,-14.043079
7.040520,24.889186
46.303079,43.220477
-3.102267,-11.192371
-17.406719,-16.440039
-31.830176,13.387246
45.571041,50.602981
11.488094,-8.757000
35.951804,40.213713
31.174025,38.090506
48.961611,42.953412
-19.313707,12.261156
-14.856834,-10.960330
-9.444211,14.965746
33.064494,42.075964
44.742867,39.828183
45.435110,30.411099
-7.724201,-9.907226
-12.021045,-16.636225
-9.745225,-14.854566
-15.075458,9.921237
6.743977,1.876665
10.959310,-4.758597
32.492044,44.332040
43.726271,30.737261
17.144816,6.868265
-4.308263,-14.681439
11.306245,21.694956
20.772989,-0.369668
11.586992,-15.846580
15.216840,21.516806
-18.345316,12.131819
-10.466845,-18.896423
8.588848,-12.818375
32.759417,39.826932
40.030838,48.502877
20.730564,2.584668
5.143772,-3.763953
32.450836,39.326344
2.855858,-11.641141
-23.717140,8.875058
8.694135,13.949575
39.016503,40.849795
41.622372,40.022296
12.271484,-14.655198
-8.919971,4.187392
-12.170198,8.742645
20.001103,23.502276
-16.289630,-1.957186
31.479644,52.251719
8.027583,3.484054
-9.125051,-9.636600
38.639746,32.354059
31.162036,33.411139
-2.347551,3.651696
17.607848,6.927063
44.414935,38.436865
28.409224,33.682456
4.303604,22.573116
-17.944620,-23.445896
-14.110572,13.262547
-16.256696,-28.607249
-0.997525,-2.098693
31.932233,34.699526
10.259745,4.416169
-3.928807,0.028525
11.330747,-15.228154
-9.692791,-14.360379
40.787701,37.704385
-7.332497,17.380330
-16.845215,-8.433700
-11.328251,-8.795785
11.285279,2.804134
6.824360,11.827417
17.084009,-8.619241
11.844808,-3.922299
13.950355,13.189809
33.822734,31.918593
-12.597740,-10.479169
-11.125221,17.131760
15.567845,15.905305
-15.194911,26.990174
43.312105,44.996503
8.162680,15.493967
-2.194871,-12.446438
6.531121,18.196568
-21.333515,11.749508
-13.517385,-1.551215
-19.000326,-8.996919
30.338912,37.961139
7.747482,-28.590679
-16.688851,19.670046
-6.449509,-10.675590
-18.636859,-14.547571
6.510737,4.979176
54.540940,48.412631
-11.037141,6.183344
32.761111,29.534806
11.387388,-19.794205
36.967468,39.133592
4.488814,-3.602406
39.290071,39.626424
-0.161872,10.569152
-9.543672,2.603801
-10.485731,24.110258
-5.516811,19.657528
45.933139,48.720203
41.521226,51.051813
47.818209,50.892125
14.537010,-19.643104
49.764382,52.698775
-8.136029,12.167195
20.551079,-20.152701
47.474156,40.225776
9.171407,-8.105973
14.810163,-17.650053
-3.823870,-22.384656
-17.552525,22.730081
-12.386482,8.618263
17.658562,-5.542833
-22.591798,22.808255
12.365330,-10.386271
5.730564,7.840187
-12.680346,13.925163
2.636424,8.361095
-13.697687,18.981151
34.955562,32.290541
-16.326850,26.799187
39.871975,40.314163
-9.047697,-20.031378
-11.550533,-22.048926
17.976962,-10.447056
-18.835977,23.857591
-5.797475,-6.130361
5.503863,5.892200
15.663395,-18.642712
46.387102,41.649612
34.652568,43.331027
-19.877991,10.676288
-29.943227,14.112665
20.929817,-2.423887
-11.849947,6.064747
15.918154,-12.540623
42.093761,37.738929
9.209058,-2.495421
16.291033,-9.768988
-26.147646,20.776125
-18.326746,-1.328160
-17.463083,-7.459290
38.594866,34.245678
-16.022596,-4.432930
16.329595,-15.444462
42.638897,37.237449
16.987608,-17.320929
46.011442,39.621368
45.332593,32.934111
17.474166,7.669286
-20.381455,27.075171
19.758776,-10.499846
8.616016,-11.206332
42.082388,43.363214
38.986840,45.611684
2.707906,-3.883581
-22.303619,-14.653885
7.731410,2.784055
-12.215993,16.736793
-11.031886,21.649223
12.039366,13.968155
-12.599114,28.325906
17.257753,6.956397
32.460966,57.393071
-7.169371,-3.958865
11.914442,-7.364052
-7.853138,-9.495169
27.749484,51.757527
11.216384,14.816061
-14.210530,15.503093
-5.175366,-17.504744
41.756625,36.269053
30.335846,46.619545
49.284370,42.835136
-13.630240,-24.617881
-13.798791,9.696500
4.568722,-12.557170
-19.330019,16.950592
27.177908,29.705808
4.671720,-15.601630
56.350221,55.609027
2.846207,6.990744
57.634129,31.885019
-11.322946,-6.103539
31.382341,49.950639
43.380554,50.596110
7.841992,13.516277
-8.443244,-12.625799
32.041053,49.582388
5.528523,10.010358
-9.774465,14.745886
4.135994,-12.555736
3.941947,15.398761
-13.997178,11.333268
-12.586785,10.115211
22.463922,10.207547
42.230118,36.582993
16.671953,1.312342
49.370496,36.704458
0.532670,-12.231401
-9.099802,-2.079453
-8.336583,0.405653
27.833453,31.681423
23.855672,14.400653
1.210663,-16.037641
17.956381,-14.417078
8.693224,-3.136540
2.550747,-5.267664
-5.149224,-11.593091
24.969309,23.029357
-10.743114,-8.090090
49.067191,38.539937
-2.612440,-1.804251
32.966555,54.200036
12.210551,-5.205428
11.488888,10.512637
33.775164,45.804722
-3.987178,-9.787616
17.977188,16.161820
8.672946,16.869229
-22.089736,-5.304780
10.020405,17.071932
-14.212954,18.585379
12.260576,11.195641
22.493673,9.612068
-0.174067,-24.425631
14.422780,-7.188204
-18.604994,-19.976519
13.657478,-14.161705
50.318628,37.733073
35.534979,40.259898
-29.418915,-10.339912
5.993343,4.343670
4.166789,-26.113067
-17.284367,-4.390433
-5.419753,-13.954485
-24.561544,22.533728
-11.689821,14.570884
19.500101,-30.481320
13.455226,-17.047128
-6.186908,-12.559339
14.709219,-3.538362
43.316613,26.286082
12.540306,14.508867
-23.682153,18.956135
12.270791,19.533357
-8.117847,-8.253990
27.388676,-8.869119
-11.625431,27.185827
-4.988109,-9.704517
5.921076,15.556198
33.350003,41.198710
-1.405573,18.963146
-30.233566,11.989083
6.903058,-5.808296
3.100531,-14.816689
-9.502738,-1.356005
-19.844108,2.669180
26.870607,47.988313
-16.967586,6.364196
21.882391,-11.030553
-9.731119,-12.855946
-14.881931,20.589272
-13.431946,-15.884092
-16.431316,28.513286
-1.321521,-12.756296
-10.931528,0.122818
-6.215398,20.259163
-19.353321,-19.460087
16.461073,9.900790
7.625412,-8.676922
-16.935802,25.415651
-7.008600,8.873012
-11.608758,-3.237024
9.048754,-16.426216
11.358239,1.505647
48.781283,50.015641
14.192552,-8.223078
-8.246482,7.696844
7.718141,-8.900800
9.135254,15.228425
7.839952,18.093735
-9.105549,19.939519
33.092666,44.082243
-5.834775,-17.366716
5.028153,6.703626
-12.453300,-9.111648
-7.015510,20.628083
-5.836455,-15.064952
39.431881,46.146091
-8.293772,-7.758545
7.734102,6.912255
39.345611,38.596918
12.541411,1.530684
-8.117084,-7.616764
-16.258538,-13.067690
4.944335,23.128069
-10.670396,0.943660
-0.424184,-10.024073
20.072557,-25.556210
4.397304,-4.899437
-14.739006,0.575787
-1.051242,-19.073931
-4.285175,25.975398
43.532936,57.725314
35.547033,36.109149
-20.211770,-3.557545
26.152977,42.047982
3.998691,16.995937
7.932955,-10.252129
41.021392,37.161802
13.070758,-8.966794
-21.501818,19.443596
-20.662837,3.575920
44.196035,43.541879
-11.758470,10.042481
-16.672794,24.450690
3.357102,-15.885625
-12.350935,16.634158
42.706230,49.137210
7.543829,17.762291
1.927436,14.479705
-25.556602,28.990471
8.441642,-13.159931
-17.524939,8.598258
22.652558,13.456667
34.813415,39.433965
9.332174,-9.850315
-6.544801,-6.640163
9.578061,-9.942598
39.739809,38.840949
18.314609,-10.774954
49.331308,43.626961
42.274184,32.312345
-4.113040,-2.632947
-12.698992,-6.654486
17.811829,-4.445934
13.311694,11.468776
0.240081,-13.254062
-8.073551,-6.183546
4.497627,-2.298105
-2.658955,-15.633633
21.625119,6.516400
41.470125,33.227965
-13.498406,11.932917
-18.441177,16.868222
1.892062,-4.603437
4.992082,-8.598054
-4.008587,2.333213
-28.278236,15.795755
51.209913,53.866485
-4.892504,-3.048069
-13.706543,15.270615
45.949683,29.288870
-14.610516,21.316125
10.911152,14.347317
47.922433,44.468094
-7.959086,-0.864089
20.905908,4.088622
-11.681394,-3.135688
5.061403,-15.329752
-12.283191,-15.010173
-3.805539,-13.061532
1.731357,-13.123207
-8.948444,1.487159
-12.528281,-12.518961
33.159838,43.719826
-17.468866,-8.537733
45.669977,37.218780
4.451011,17.721048
-0.249840,8.861909
-6.794654,-14.986160
10.185616,3.981551
-4.940716,-7.930135
4.248911,20.208833
-19.056067,24.504380
-1.569833,15.309239
7.443938,6.569534
1.549517,-15.552933
-1.539703,2.551052
-2.683476,14.124109
-14.735189,2.775236
-17.579998,7.105190
36.507017,42.116311
42.986138,36.445234
10.100907,-4.961217
-2.557230,-10.915968
1.855710,-6.018702
8.598367,-7.842491
-16.663061,-7.657349
0.642480,21.199927
52.851148,43.531488
19.598587,25.147401
-6.848258,-7.335141
2.094847,32.206181
42.570961,46.666461
50.055171,14.983885
31.866549,62.454168
28.653354,37.123550
8.893759,-3.388022
39.340481,48.230599
2.482484,-3.191684
39.570786,47.609430
12.554669,3.796864
10.984258,11.330401
1.818579,5.628809
49.961712,30.927523
-19.821202,-12.603012
10.863622,-22.143430
-21.692068,13.836539
-5.692451,-10.190424
-13.226449,-15.214929
40.816301,33.903462
18.839746,25.424862
44.129489,41.648130
2.603090,-2.640794
36.895251,34.274623
-12.041168,1.799028
2.814762,-11.053139
-13.815763,27.674927
44.313086,44.389730
23.628435,-15.183098
-16.353550,9.931656
-8.896679,-3.784906
1.450659,-14.453024
-23.326136,9.053231
8.495885,-5.813816
37.099347,43.992104
-22.504929,24.722077
36.446629,42.876402
-9.361202,-13.862158
-9.006837,-9.862138
35.031198,50.125426
16.393106,-16.324177
-17.958414,13.048491
5.352213,4.588096
2.697364,-15.945374
9.080227,8.286404
1.992482,12.527049
45.449204,33.951886
-1.884817,-1.921049
-13.179836,-6.577878
-0.135433,12.562753
-8.021249,22.339194
-20.450693,32.723475
-12.973516,-5.606191
-3.255573,16.093811
-25.966600,8.401175
14.689075,9.177890
-19.178095,19.592960
1.243522,8.003073
8.402204,9.239703
37.646639,46.285877
-11.013589,-5.303603
-28.835769,13.182081
-9.322117,1.433707
-9.817529,-8.563154
-5.144323,-14.869498
0.846656,-10.424255
-2.225177,-16.869438
11.723277,-5.067469
0.651098,-11.587522
-26.552987,14.838109
-6.182743,16.069957
14.506374,4.954962
4.674697,6.434981
-2.793391,5.050940
47.789103,28.346198
-11.782559,-12.942040
19.422084,0.731232
44.695699,43.713781
37.570343,38.645154
-5.507819,-15.026518
-6.013070,19.147183
-21.897042,24.106265
15.406121,-7.327318
-19.304687,11.767603
-11.931253,17.913483
-5.141147,-16.235071
0.706475,8.068833
2.282453,-10.104190
6.679171,-19.529297
-24.402138,17.863682
-7.697819,0.540369
16.292748,-21.842527
-9.081990,14.478783
10.566143,-16.703894
3.369582,-14.736699
4.918982,1.896679
-4.213931,-8.756539
-24.010130,-17.927350
7.123417,12.580286
-9.270073,-4.829408
12.160704,-17.648535
-14.752034,-16.711084
-7.074409,-16.742614
31.749423,38.040081
37.270432,44.648818
-18.318329,30.595337
3.524988,-4.933699
-25.903945,20.510574
-15.963310,7.016859
-9.488955,-3.660068
-12.129812,22.217661
46.671941,42.100438
9.135047,12.613560
3.265016,17.938238
-6.670337,7.762735
-6.039483,-8.030002
-13.729861,16.903677
-13.437594,26.237260
-1.804388,7.246811
23.937157,-8.155005
14.268294,15.202030
3.351337,21.333175
52.657493,26.471148
-19.653431,-3.068143
-11.477909,-17.717173
41.930281,52.229993
14.368250,19.059235
45.761870,37.519160
36.342565,55.996727
12.945319,8.500844
37.169129,44.656445
3.767864,-11.330246
-0.187239,-10.225105
-11.112515,14.386190
49.793245,49.478471
10.194136,5.315506
-12.699574,-9.338797
18.741541,3.760898
46.736711,28.601373
2.092974,-8.576633
-14.178849,2.548915
8.496165,7.392921
-7.393398,1.710241
7.965748,12.265399
6.739852,23.451349
-5.588291,-17.309044
8.979789,-2.494721
40.037867,45.203755
1.062294,14.736804
-17.915429,-21.357405
21.860330,3.124846
43.749753,41.421918
-19.877024,14.377941
15.611860,8.964977
-16.707309,-8.380352
-3.999688,-10.961644
16.900855,21.589443
-29.370521,11.345609
7.752837,-11.116551
13.152304,-15.148723
9.495991,-12.185728
29.270800,33.262384
23.059249,-8.240929
44.204282,41.404036
4.096773,14.619291
8.529770,9.871078
-20.428710,-13.783530
54.146610,26.985878
21.819996,-0.256174
-15.909155,16.245850
47.724754,41.386749
38.496014,42.679401
44.150425,47.607153
-11.576423,0.403227
46.288904,35.301278
-11.615956,-20.671479
12.968010,-11.308770
-19.258709,-20.195589
-10.354559,-13.531477
-12.260854,19.190080
42.725938,44.744645
15.044365,-23.983117
-7.689799,20.595367
14.649190,-16.247547
45.192034,39.633177
-18.506997,14.229701
44.886689,26.414812
4.328308,0.878481
-26.257978,28.102021
-19.752302,-4.337713
11.936275,-16.168707
-1.611182,0.581847
-26.066578,6.969770
-0.639262,-14.126418
-8.488948,-14.621473
13.781984,-2.399855
37.148374,42.505143
11.720744,12.530509
11.546635,-15.227503
14.973880,18.522863
26.005635,-7.750771
-9.277202,-16.027873
33.683555,43.479445
7.824159,-5.537390
7.677461,8.269694
9.390668,-8.444089
-11.675040,-6.560842
-1.669121,21.752220
16.529026,-11.532805
17.706151,-2.366257
-23.348909,6.312364
-16.693765,15.478111
-4.335923,5.916506
22.805560,37.132247
-5.702384,-12.639286
48.030710,38.181926
6.234644,-16.532309
11.145690,15.719918
10.194003,-1.594861
5.021951,16.596941
2.597175,-13.776737
34.768584,33.699786
7.991590,-11.897190
-12.969875,10.557871
8.429360,20.206316
41.924354,48.798947
-9.706653,-12.655070
1.988364,1.490410
-0.709650,-17.514677
14.298360,-12.923733
3.659128,0.245103
16.306481,-0.106783
18.110854,8.065415
14.052405,-28.958182
10.954688,-6.086386
8.508920,3.452715
57.712008,32.143544
-4.358624,1.554187
-24.526728,3.846945
-3.145246,-15.752099
-27.691883,22.530507
-15.962709,13.362283
4.707089,-3.464255
36.833706,32.453358
8.819304,9.905585
11.132527,-0.728738
-16.347032,-5.713878
-10.492164,-9.861523
44.659897,46.434444
-2.978632,-20.783311
4.114697,0.235059
13.457955,9.575867
-3.713053,-15.035632
-26.999958,12.943606
7.118452,5.130564
-0.544980,8.395586
41.732712,41.913900
46.330092,42.860996
13.178568,15.743029
-6.695815,12.418802
13.976211,1.674540
5.287882,4.470582
-3.980091,19.044838
14.760304,-13.130004
-11.774325,11.704508
-16.484511,2.247625
41.009328,43.843124
29.132117,1.696508
10.126785,20.201366
9.587232,-1.564930
-8.503967,1.992113
23.525102,-8.604879
15.242577,-5.440710
-15.398502,18.648770
-6.033416,19.546573
28.966024,50.872795
40.832761,39.673609
-0.643061,-3.902052
-12.794423,17.207278
0.050186,-12.539554
10.570501,-17.144353
10.198581,5.459448
9.848671,-9.821139
9.307610,1.780273
-5.515677,15.391257
-13.165530,15.054449
36.843424,28.448093
22.886245,20.174736
31.217687,38.637804
-27.521629,7.871391
-15.631679,-5.216175
-19.877096,9.888664
50.037404,50.968496
-12.893358,27.472189
-10.973130,0.931130
-6.745999,-8.005155
7.308891,-7.406891
40.305836,43.832825
50.815970,33.296284
17.303564,-16.336482
43.894414,45.794624
-22.584551,20.427341
-20.444411,22.749021
9.238577,15.832289
10.592657,23.481746
27.504748,-11.744874
-17.994950,13.071272
0.564373,11.837395
22.906537,33.018362
-14.687080,16.967823
-7.249321,19.182382
32.142661,35.771662
-0.581575,13.657464
-2.732213,12.687833
-9.574043,15.422700
40.594314,34.140915
-20.377404,24.072856
7.172733,-1.920307
17.441351,-22.568052
6.025200,-14.846122
36.197110,45.276234
-11.145592,-16.026856
-22.675122,-0.730825
36.671721,40.930472
-18.689124,-3.122762
4.520167,24.696720
-5.866557,-2.233655
31.809324,35.573143
4.986294,-2.189699
-23.848423,18.897153
-15.857093,-18.390400
-15.805036,21.163150
3.241848,14.711687
17.171358,-11.430468
11.523550,1.015151
-10.349203,16.473733
-22.121813,6.838098
31.528716,52.147341
12.435056,-0.167940
23.089697,17.496523
-17.479846,23.874175
5.182540,-6.507966
17.962535,-0.416704
14.432319,-16.859045
5.791536,-7.499094
-11.863977,-5.753946
6.889863,-2.781832
36.582517,35.952060
-13.247991,10.890642
-21.379151,7.463357
13.432891,6.278643
5.676388,7.466396
40.533212,46.286478
-5.480512,16.769299
-16.290556,-9.226480
-25.850003,22.374432
33.133683,41.101649
51.244507,40.126638
-19.182605,-23.669379
-10.742739,6.860191
-23.004451,11.011339
45.669894,36.972099
-17.448351,-10.496010
43.423912,35.682021
-15.415040,13.072431
55.348845,42.022697
16.350734,-6.680603
-3.584938,14.024599
-20.669661,-7.431074
18.915735,16.484678
1.192480,-11.730932
40.036701,28.392234
13.119540,-23.941213
-3.356745,-12.561429
-10.987879,10.418690
7.450350,-7.040943
47.814179,35.468764
-14.576155,19.679894
39.997275,64.198233
-9.557341,-8.169077
10.790290,25.094063
-13.192313,13.555624
-6.466955,-12.284860
-11.372347,18.785721
-9.749263,7.551306
-0.404787,5.812521
-10.456897,-13.819172
25.119112,-12.201144
4.526547,4.532243
-6.004528,12.237268
-18.699590,8.886377
-12.793080,18.972906
39.692545,45.478304
12.647087,7.795878
-16.021338,-11.544591
12.271382,-5.958820
9.676889,2.834444
6.854511,-4.479355
38.349885,40.454523
-12.158046,-14.864114
42.070202,33.297152
9.596757,3.519258
-6.390129,-12.945870
-17.255223,10.149764
16.423071,-12.926501
-14.388433,8.069429
9.752942,10.122648
43.164280,23.298136
-8.411270,-6.452858
-9.979770,22.485284
8.211663,5.079899
43.509001,41.432809
-23.256624,8.258343
-10.737206,18.538022
-13.486390,-3.568511
-5.763299,-17.523317
32.234336,23.030092
27.670234,-6.217127
43.293760,50.120247
-16.702484,-9.752027
1.166437,-4.374510
29.299968,38.485520
7.855146,0.612539
-30.087901,-15.868134
-25.951244,7.345676
-8.987997,-4.796059
-12.573189,-10.682519
44.761026,43.786613
-7.441438,14.333628
-21.874565,17.110575
-9.714294,-27.075150
6.223963,11.529707
10.222885,-7.021955
32.040038,40.309915
-16.390690,3.198377
-14.531890,-16.201241
41.244602,29.504862
10.868231,-3.612229
-5.179867,10.949573
12.663344,-2.894764
-11.650963,-22.574548
-1.423003,-6.162650
-19.001339,28.711538
5.180311,13.328931
13.981855,6.278905
20.888825,23.967014
-17.731513,-15.380175
-17.235048,14.895986
30.923581,30.533380
5.905143,14.562185
5.639717,1.563527
39.263296,39.608236
-15.864002,-11.128322
-11.688639,10.279594
6.250396,-4.062388
15.198855,24.362364
-8.043246,12.437747
-6.445186,-12.439940
43.622090,45.498462
9.042369,-7.028486
54.339317,38.687440
-9.530901,14.285855
32.139234,32.181823
39.088817,43.595825
-1.247655,15.506733
46.291489,56.803147
11.082448,-9.089539
49.948315,38.639489
-10.352684,-6.527811
16.763249,-9.887901
18.395357,22.223185
20.130614,9.664488
18.054473,-15.805300
7.873070,12.327823
49.739955,44.971048
8.695486,26.198043
11.751162,16.254869
4.523736,-12.284234
47.207460,29.690875
12.269647,-3.479587
11.297709,-15.750305
41.907175,30.385872
-5.122295,10.214714
9.612957,11.830646
16.447956,-7.743210
14.389725,-18.018030
5.736687,-11.049530
7.167657,-11.886974
36.522145,28.144155
-10.012064,0.697902
-22.098209,15.186130
41.784648,31.202878
43.074637,45.097771
10.833886,12.666467
-31.741406,12.877763
36.594971,50.545160
-15.513776,-17.809810
-1.462700,-15.192104
5.062056,-10.419270
-26.001828,10.037081
46.772160,36.552192
0.684349,-7.482762
-18.966585,-3.738212
33.909243,20.566334
-8.432269,-11.308484
-23.281309,14.690339
-23.356840,17.239528
-6.359115,7.711856
3.515913,-8.682929
-5.471719,-0.224639
6.312837,12.381528
14.123739,-19.111889
50.230441,36.965692
-9.755748,9.437081
11.525696,-5.234531
-3.836471,22.947063
7.189371,-5.907284
49.826157,38.044539
39.827984,41.654748
13.560460,-1.568890
48.472207,33.504448
-9.221640,8.280143
-23.832445,19.703179
48.084893,36.972092
-20.256512,18.913548
-10.725594,-25.217213
10.741156,-8.300419
38.283227,49.485133
33.465465,32.608281
-8.127014,-12.651543
42.337794,47.037251
-16.975423,-5.723212
9.073308,-5.018737
35.415984,40.156678
18.239225,19.993280
-27.435026,2.957929
-22.001434,17.264444
-12.520377,-11.780714
0.019039,-17.340100
48.943013,41.426589
17.709636,-1.350313
-10.304079,-16.118048
4.515820,23.071589
44.389379,50.245829
4.192674,-22.820355
13.217901,2.929857
40.734679,56.778880
12.848496,-13.230048
24.185722,18.857903
-9.700978,-18.761130
11.181613,-6.738945
12.373075,-6.135469
14.111379,11.244426
39.182297,34.564654
23.705220,36.701028
34.583946,39.711754
9.105376,1.241086
34.997553,34.694710
5.953387,20.094402
-3.466470,-8.936145
49.652758,42.896963
3.486064,11.479643
0.498319,16.958217
-29.384691,-2.615482
-11.439560,11.212259
5.729944,16.621163
0.711355,5.437808
0.809541,-20.871530
-26.619884,23.383773
-11.742168,-13.241170
-14.063700,12.888085
34.294175,55.228476
-2.782540,-13.856330
12.019004,3.111097
9.095304,24.340745
-9.135847,7.026100
-7.892693,11.932805
-13.395119,-5.113107
-18.667109,-6.684874
-5.287746,-22.041142
4.450726,-12.279067
-0.594400,-7.184705
6.662467,10.310450
16.219080,6.585393
6.029014,13.797836
-4.333922,-4.903427
-1.229247,-8.088711
-25.430308,7.348923
21.998130,4.793347
-0.308870,-13.997733
22.164985,43.882274
19.648137,-12.630390
-20.243941,11.386205
-5.923306,4.302407
-0.196948,-9.574516
-0.999265,10.717165
0.813691,-17.286407
43.453489,34.751780
13.285181,22.905601
10.394680,-3.876652
-19.296062,-8.469993
0.025581,7.321120
42.202732,27.235091
15.107975,9.848017
40.103267,41.321452
40.869388,45.763557
25.658764,41.292282
-6.026962,-3.253391
11.647538,-14.562815
4.840523,18.617597
6.096779,-13.434566
46.885456,21.595025
47.112661,29.837560
20.229254,-14.845630
49.317596,28.175263
40.916263,25.068726
33.991632,53.161986
-10.883177,10.462180
-18.543330,10.420738
-2.879638,-18.999269
-25.115067,-6.182168
37.386890,35.583612
34.530088,48.594928
-5.696698,6.299155
22.385205,-21.819839
-9.504109,9.817816
35.482999,46.450936
37.571601,39.674379
-13.382812,-14.266395
-18.764375,-12.776086
35.165476,45.010926
18.331838,-7.200815
-1.933359,-2.541645
42.907253,43.492569
39.861317,48.159239
46.998993,37.322805
10.053462,-5.833699
39.356701,39.541237
-20.979236,17.739357
39.648145,33.331048
9.442326,-0.098134
25.438055,36.693280
-2.873501,-8.173819
-20.832122,14.562954
8.194962,-7.278857
43.275120,35.915628
-13.720659,-10.476265
6.080638,-11.956814
42.222261,49.591586
10.858803,-10.529709
16.521836,16.040692
11.711141,14.817012
35.618986,36.857821
11.217184,5.320774
42.559974,56.487551
9.182832,-19.202421
51.479932,42.502996
-23.628563,18.266224
9.713845,-17.929215
44.254676,35.451059
46.735482,40.534771
38.388010,42.572959
-6.960676,11.651871
39.570887,39.636137
-10.404180,-8.478549
3.865988,9.858217
37.993085,42.809423
5.036235,16.343156
43.166986,29.345317
4.296655,10.104214
9.073378,1.102379
-10.596792,-17.785689
-13.359842,13.137327
-15.781997,11.672501
38.263473,43.915263
25.393263,-0.230234
-16.098461,30.052601
-20.895881,-13.079326
11.223286,18.080304
-33.821831,8.611362
65.827241,33.004024
-16.302034,25.824256
-6.923114,17.833606
-16.263161,-27.441818
-26.120108,11.799136
-10.915271,26.659727
41.058091,32.271038
10.299660,19.782799
-21.173677,-2.994382
-17.501756,20.760237
12.976308,-7.424311
6.135632,-8.188864
-6.001035,-24.835979
37.386212,48.009139
-12.777163,-4.758913
-8.192607,13.588946
30.319884,41.741198
-7.754569,-11.246520
32.889196,51.251372
-10.486506,14.354455
26.886620,-21.406271
5.534857,5.235639
-10.605881,-21.301658
-9.498163,25.365559
37.135604,45.307415
48.203371,47.924786
-4.845096,-10.634041
-19.359916,-10.310916
-13.309207,24.370105
46.062118,34.647361
-1.435060,-12.710416
5.412246,-15.931488
-13.629309,-14.041876
28.316086,9.982414
-23.183883,-3.704309
-22.649698,14.637770
7.107522,-7.671650
10.937945,26.585811
30.557014,39.462657
-2.712378,11.633803
-22.538730,8.117894
44.852153,32.838415
5.020709,-10.154871
-26.258724,-14.372289
-10.088601,-2.604720
-1.245091,-23.253076
2.675010,-14.032052
-19.473848,10.917653
-6.626674,-13.679840
-18.216410,36.578176
16.047533,10.754097
-14.804517,-1.388756
-16.215360,9.271292
14.105996,0.533845
44.348655,39.797837
-1.665817,3.396326
41.374878,23.506043
-19.958978,2.012566
10.104329,-3.420727
-11.576190,23.714037
39.467929,43.658303
38.796763,34.796932
21.562264,-5.000255
18.669359,12.232304
18.487550,-12.034599
-23.660912,10.238244
15.453277,-12.059302
33.856471,42.329453
-19.223665,3.151395
19.029517,1.183497
-14.470536,21.361513
-6.882179,-10.579113
9.886970,-23.329689
4.278147,-5.297357
16.715646,-16.348555
31.459498,43.451319
15.316462,-7.709579
37.271869,52.391887
-16.637500,-4.977557
-16.206250,35.370307
-9.170877,22.301723
33.868276,25.578024
15.573667,10.570961
-13.767967,16.090845
-15.124202,-25.953057
48.610337,33.465157
-0.699999,2.123167
5.625678,6.902934
-19.113705,-3.240948
-14.336059,-12.913286
6.308047,-2.146266
43.797056,39.658980
11.444569,-14.207801
-9.450173,-13.439980
-12.104855,-15.025877
55.700264,44.086814
48.961187,41.146839
45.066612,26.046894
-10.366147,-8.709074
-16.666709,-19.192671
-21.194548,7.087579
-4.400882,-3.054814
9.342203,9.931310
-10.412078,-1.324419
44.815278,34.073974
-11.027576,-13.597111
-15.521522,-21.074716
-0.396449,-5.342744
-13.528937,18.721210
9.436645,13.562455
-14.102834,9.688797
38.510951,47.248946
14.759203,12.086208
-18.007879,-6.951206
41.337223,44.670705
0.086030,-2.292582
-20.570786,18.556412
-21.744567,23.961131
16.280244,-7.130283
-21.871631,8.892982
-9.639741,12.876224
37.900003,51.583980
-16.444761,29.388566
-23.771462,9.657730
-16.386943,16.236643
13.049432,12.274613
-19.539992,7.198891
10.855305,0.439914
18.450658,2.753745
8.380434,4.436469
-15.372901,-1.126185
-9.172343,13.389569
4.593752,10.602746
8.103474,-0.335599
7.550329,-12.887990
-2.872983,-24.451478
-15.229360,13.916467
29.093152,32.168039
-11.083692,-16.952581
38.769169,21.516579
-10.855953,-2.466887
-16.014809,13.434127
12.246076,-7.846516
-6.306688,15.859398
43.456919,47.784129
29.663467,24.800377
37.716570,36.838807
-0.994110,12.881073
-9.828026,17.097367
14.987508,1.109230
43.694459,35.098457
11.841302,3.076425
24.122339,44.669033
-8.801825,19.418225
-16.078201,10.125349
-13.492669,-1.041718
14.551519,-20.809262
-27.207844,-5.306139
-11.706221,4.208590
33.943573,53.900818
-12.206847,11.116857
-19.374381,21.107195
18.512627,7.492321
-9.528428,8.436461
-24.979866,-2.113711
2.501328,-22.560119
33.789457,44.285952
44.880776,44.871421
40.126484,32.694050
15.324367,-7.240388
9.898505,-9.135474
-4.878623,-10.063193
-0.401456,18.844204
7.308064,-6.757761
40.282035,27.251330
8.456395,-6.979875
0.114991,19.651733
-15.986868,-2.779452
25.322051,46.782823
-13.340526,7.810588
41.293490,47.743489
6.474543,3.613912
7.663189,-5.041731
-7.015453,-15.835232
6.540612,-4.155921
14.446251,-9.160407
-23.056232,19.544955
7.395873,-14.066460
-17.130691,9.473719
16.481395,13.516807
24.295927,6.410530
15.816979,5.092437
-1.683377,-2.410288
13.449505,10.631448
9.898357,-7.346090
7.638773,-19.780804
-11.833230,-0.886751
-15.010147,4.214394
40.337832,32.885852
-9.974897,-14.984238
36.531398,38.432194
-30.155535,22.048100
24.842022,7.054188
-20.847462,-2.184775
6.886624,-14.648718
17.649630,13.663954
-3.113683,-17.028356
0.024671,-0.443957
-4.032782,4.693555
-23.016157,-9.839448
14.761030,-9.220740
-10.562043,19.448474
20.191451,-7.059262
-22.127397,4.026226
-3.552454,-1.606929
20.683271,-9.611469
10.593415,-8.814931
-22.790710,11.728119
40.513899,36.095911
-24.297042,19.347153
13.173960,14.150784
-9.385089,7.241380
13.696640,-12.178140
-12.741250,0.787936
14.269613,-16.299257
6.476068,21.480225
17.515289,-8.483291
7.912653,8.248894
14.476477,-14.547989
46.704460,37.397721
6.303174,-5.834547
3.590091,11.325859
-20.269353,23.696062
-21.502435,-3.758407
-5.175809,13.673481
43.072022,39.580013
-28.196799,-16.020826
44.336564,48.961967
19.369256,14.712774
-23.056941,-11.113035
-13.488798,17.931358
-23.506216,-14.742271
9.628616,11.893241
-4.241336,-8.345865
-12.161360,-4.619473
-5.199233,-8.178206
-2.910187,3.187411
8.026444,-2.387515
-5.151438,-1.059743
-4.676018,5.457010
4.202384,-3.803392
-9.243852,15.616322
12.492253,17.577778
48.763030,30.587765
41.876956,36.500944
-8.946067,7.353977
10.408232,-18.678480
-14.176396,-4.375731
-18.982725,12.417414
10.352004,-2.804000
2.628818,7.988936
4.030919,-17.707296
-18.429490,-20.561492
9.846492,-3.398456
-22.012861,-13.545753
8.051126,18.044899
16.259747,-4.486374
-0.468692,10.344606
-3.701030,-13.818016
11.628111,-21.297878
12.392657,16.535381
-4.840495,-7.306724
5.388200,-10.000428
-11.958946,-12.915729
-8.700360,19.810769
7.879574,-12.629930
43.500023,40.055166
8.929951,-3.947690
42.831450,43.451917
49.266374,34.672412
11.299130,-15.846793
13.532225,5.479062
3.932430,-10.074243
14.119669,-4.591005
-8.235908,21.894151
-7.345408,-0.977303
-13.080428,-6.744593
-4.281121,-4.140497
4.398277,-6.809056
-3.952301,-27.300143
-2.638576,25.879946
1.502682,-6.486553
-22.432609,-10.190696
-10.292925,-19.915884
-23.714565,4.754106
-3.517290,-17.985170
5.531441,0.392801
5.721539,23.329622
19.346543,-12.836864
10.202746,-2.141478
-2.808425,-9.933922
-27.498309,13.496732
7.048641,18.284282
5.891968,0.572075
-15.268285,12.820381
-8.171515,-21.465019
7.690477,11.908375
33.798182,40.546393
-8.654309,-13.063584
9.461145,-12.702140
-22.401577,-11.034358
11.699318,-6.231787
-18.710780,23.349480
8.306445,-12.390480
-29.812080,-1.498175
40.372098,46.708079
17.406051,29.255662
33.518640,37.897416
13.600508,-14.996426
13.750402,-5.467302
38.298787,37.862476
47.325098,37.210998
14.360243,7.296984
8.873897,-5.976526
-6.952013,-10.942761
42.007261,36.318761
-4.280064,-7.954790
-21.643838,16.133689
52.944409,38.969278
40.149014,46.733116
2.615709,14.789160
-28.097211,9.213046
31.439470,23.402273
-11.811339,18.599818
2.588081,-4.589532
-2.567842,-6.329692
39.974832,31.348469
15.495826,8.067180
-1.745606,0.392392
-15.929050,8.751973
-15.628731,27.261358
22.011600,13.703872
14.982314,-18.655078
35.465741,45.313321
-23.725662,8.712418
-20.907025,5.974570
-14.366488,-7.584950
10.212990,-17.236293
-3.539857,-6.857519
43.119079,42.327093
8.227773,10.038809
9.640474,20.178095
-9.426426,12.938907
39.806776,41.286238
7.847888,-2.273733
-6.966309,10.944325
7.505398,-7.668662
0.194328,11.663332
-0.608710,8.137600
40.806264,42.585058
13.723989,-13.188177
-2.771798,19.861342
55.437399,43.820189
-14.901917,16.948445
8.781124,22.600923
14.544807,4.129686
-20.165492,29.891902
-11.291765,10.971451
-19.011735,14.405336
9.882777,18.837171
-6.082402,-5.716798
2.843407,18.301419
-10.311937,-21.991788
9.547152,11.647071
-11.277347,-6.652608
4.119448,-15.612069
-12.354568,-11.965529
-14.043471,9.771875
13.020027,1.598352
8.253962,-10.656046
-1.276768,2.421015
-7.904840,-3.769263
37.881455,32.616592
4.054087,-3.637075
4.641331,-12.341641
-19.222017,23.486002
-23.103758,10.771883
6.987630,-12.069334
30.722714,38.903534
-10.375560,0.477645
8.368824,5.537278
45.691288,43.619025
6.162734,2.075396
-13.514904,-7.138092
-5.232457,13.576150
49.272966,52.004756
-8.468871,-11.980944
-2.921065,13.033536
-4.714071,-26.873186
18.678812,-4.012250
17.186724,-32.907924
-15.616864,9.645504
45.742888,43.267110
14.433991,6.279547
-10.646175,27.419542
-15.745381,26.177173
-2.979078,-18.038290
13.362623,14.550312
14.205037,-16.595940
10.478693,11.204993
-14.477076,-20.513284
11.429919,-9.926496
-13.852569,-13.934010
40.136019,34.236976
-12.967062,-10.502572
12.435774,-22.909333
52.865816,28.676636
11.387804,6.284944
44.342753,27.789521
-2.282683,-13.094343
44.613233,54.804346
-8.997797,-10.392923
-3.234708,-13.105210
-25.181525,-1.750071
37.022113,39.035685
34.546883,29.246148
40.328058,51.034908
7.368852,-14.150510
10.646034,-20.000288
-4.664363,-23.844315
38.468379,31.991188
43.352730,40.277860
-4.735500,13.146789
18.283612,-8.216642
33.521896,-28.188584
-18.591275,12.041264
13.450465,-1.297918
27.717141,40.528796
31.864097,-8.089132
19.544148,0.947887
4.453103,-4.902363
8.447488,-13.502553
15.103665,-9.526181
45.361867,43.894431
42.149069,28.094732
-10.416077,-1.315451
-18.729924,-10.836000
1.592797,-20.319972
-14.874763,-8.752916
9.836813,-14.726200
-8.667766,-11.082057
-26.848329,5.813593
-33.256628,12.976924
6.744667,18.858651
10.208458,-21.181778
-14.497152,21.788659
-9.140940,-15.385687
42.844883,34.421135
3.432216,1.350241
-23.884714,17.298445
35.953182,42.514154
-11.906198,8.679237
30.444576,39.085409
5.005498,30.782900
-5.479820,23.659270
19.959587,-22.176275
38.500668,46.087044
-10.562998,14.852125
5.905486,-4.082865
2.253959,-16.230232
6.083616,-7.940114
-1.489929,9.606081
36.929432,41.735746
-3.707334,-18.336381
-4.181866,-18.293883
7.887694,-18.461752
10.598366,15.410348
-24.072563,6.892318
13.233565,-14.548295
-18.471411,16.717112
-2.794008,-2.348220
44.432487,45.210449
40.875705,28.992739
12.881737,-15.158210
-10.941941,9.500071
-19.235206,23.540929
13.190123,3.847147
-8.022762,24.454399
-16.489603,16.757480
-18.850341,-21.121996
14.343402,-21.027890
4.368301,-27.194770
4.012138,-10.933475
4.143183,-12.763751
-18.813700,28.532237
1.510901,24.267662
-6.772655,-12.018866
-15.792442,15.456533
-13.391276,-0.650478
-13.758042,-17.181982
21.652317,-1.753597
15.474313,10.490534
-12.106451,10.256866
-16.499688,19.220263
44.185601,45.632842
-19.566871,7.434518
-14.824018,10.383712
40.131345,38.018968
33.985502,36.606941
27.192466,35.418882
-6.462591,10.628301
-15.855178,18.792158
11.364907,12.406171
45.274018,49.555464
-9.049182,8.222190
-26.613007,22.913619
6.273739,-14.139884
47.524902,48.772044
7.847198,10.873475
41.764115,37.596566
-22.460921,-15.938178
-15.140353,-10.753650
-21.438214,11.881820
0.806877,-3.467967
49.265928,33.449099
43.269094,35.972450
7.264133,-12.739613
4.119723,25.009057
16.075156,-4.480095
13.892826,10.190049
5.108494,-6.382386
-15.861341,-18.308657
11.788219,19.060350
-9.605667,1.934827
-9.421151,7.140973
10.918909,-18.959598
-20.753476,9.747555
11.911349,5.467224
7.944824,3.594984
12.497185,18.738860
11.537823,-1.868232
-13.944342,-7.937641
49.671170,28.732598
0.626400,7.133679
-8.156291,-4.974125
6.742595,-4.028836
-18.322688,9.099639
11.637865,31.409349
-7.286805,21.086177
18.194992,-11.705021
-4.411027,21.586780
-20.644415,-11.987982
40.711490,48.624612
-18.633704,-19.430196
9.820074,9.483288
21.109780,1.415517
3.203939,2.123908
31.208810,37.638818
-20.956283,13.214522
-25.610769,17.669740
19.874409,-9.211734
1.858291,-1.748424
-19.118122,7.412507
-8.795482,18.157823
0.423668,7.660191
19.693434,-20.280838
2.064291,-4.455295
50.562034,31.379726
36.362776,40.443676
11.657690,20.337900
10.610244,-15.736462
6.149369,-6.978165
27.015276,45.846028
46.688244,47.939744
-5.104044,-11.992443
14.590744,2.957234
-3.770355,-9.271547
20.285835,18.204340
-16.313927,-12.731106
-7.658795,1.424979
36.092699,28.452969
-10.493369,-5.261892
9.818919,-7.239868
-12.010188,0.520043
0.533615,2.153237
-14.005343,-6.778712
2.041300,-4.968895
12.048562,-11.832960
38.854031,50.324949
-11.377854,-12.708623
9.131146,-9.601326
10.267900,27.469637
-19.768965,26.872954
4.218735,-11.595832
-13.948207,13.214049
12.339074,-20.071022
-0.804290,-14.869718
44.344053,42.694004
8.600638,-20.739434
16.793556,-14.665740
50.417439,43.783921
-5.730795,21.886320
12.255668,-14.888459
8.447702,-15.158488
10.620608,-20.286885
-13.901814,-22.241060
32.476886,28.623161
6.305302,-5.975341
39.756332,34.947471
14.332516,-5.244458
4.999367,16.412625
8.432307,-9.348985
14.327373,-17.548033
-31.110573,16.280767
17.427212,11.361227
-12.960573,4.177247
-0.870435,-8.812148
-26.363131,8.837548
6.885888,-20.797981
-13.146841,-3.601787
0.196967,0.409245
-10.163638,18.838766
18.775372,-11.790975
29.407081,49.484844
15.828957,-20.351216
42.372905,50.594547
-3.835338,8.899890
6.963315,9.889255
8.527735,11.214325
5.857772,-8.722880
-15.355099,15.956666
9.317937,-10.804523
-14.706363,-3.778956
13.920806,-9.112707
-8.795410,-33.050314
10.740619,21.237205
41.374044,28.719304
11.459533,-1.200872
13.422789,4.765089
-0.255513,-10.562199
23.447731,51.911246
-8.978099,2.894579
-21.540471,17.489223
31.677186,40.082763
-0.717390,17.970977
12.726475,5.022533
38.192518,37.884014
-14.251835,15.774937
-2.434316,-14.410597
22.554841,9.641610
2.913163,6.537330
0.247876,16.762833
-14.660160,25.708208
12.075113,-0.830997
4.709138,-19.630045
18.024988,0.402453
-23.411932,20.265277
-4.721300,0.851819
27.316054,40.511706
-7.254341,-25.481760
29.993279,44.467907
3.680099,5.805376
-3.956126,-9.941245
12.954654,-1.350993
19.445549,4.094805
-22.181414,14.244354
-17.130677,6.714347
14.749879,7.510916
3.262496,-19.100891
10.654344,3.009452
45.747118,48.142908
52.786314,51.064742
11.656051,17.988254
45.523849,39.765799
9.027808,-7.018248
-5.939850,0.358709
13.629427,19.423608
1.968030,2.419293
14.702940,-25.220496
-2.408058,14.930453
16.969380,6.407606
8.242406,7.771755
43.542922,48.756489
-26.251197,16.904114
4.521484,-4.768915
-2.087987,4.932126
9.890721,1.623284
2.650253,0.628235
7.085909,18.637250
8.961215,-12.392957
9.943672,-25.871809
29.518185,13.994102
12.627748,13.442135
13.763709,6.869315
-17.699509,13.515398
2.221761,2.821062
37.137616,38.355103
-8.256173,-16.030888
-9.531055,6.590607
-14.306120,-13.682920
-10.730454,-13.927597
12.363744,-4.420125
-13.097981,-6.712559
-18.471509,2.787199
21.315052,3.756915
41.328018,43.040735
-4.244263,1.277327
49.837630,34.489458
-14.987884,-18.088332
4.487101,-18.325688
32.049586,30.283427
-4.046170,-18.679320
9.073525,4.453323
-27.648787,4.676276
17.551993,10.395101
-8.579984,19.798747
19.087418,-10.822805
39.512103,39.499503
13.491646,16.385143
17.003458,-20.139555
32.139778,43.688119
11.906100,2.144454
-9.412165,-7.319938
-6.075435,14.023447
53.261661,41.980177
-6.601752,0.117868
-10.592284,-19.471270
-6.464306,15.439683
12.425454,-13.148367
13.047190,-1.059221
38.923900,52.635175
20.243365,22.648260
44.222190,43.113708
-14.031101,-6.103924
-11.575942,-15.377093
2.596264,17.656639
44.447457,37.858451
-14.167894,-4.293987
38.631476,40.459637
18.779194,-1.282693
45.864588,41.877346
9.369091,-11.844008
33.477305,55.859600
-11.814396,-26.070131
-4.222699,-20.649435
21.390763,26.706698
-0.047426,-10.931998
17.762415,-5.299431
-7.027782,3.570613
38.102235,43.336133
-0.747091,-26.217281
14.614431,-9.434299
34.353586,-0.994058
32.458964,39.045642
-12.113020,16.037817
4.131398,-23.739782
13.300280,9.293191
1.584116,16.346054
-2.717339,11.985422
-17.106927,27.044957
-19.527112,-8.745765
47.819590,43.623647
4.209471,6.078518
18.903087,3.671766
-6.734044,22.131909
47.656877,35.748917
-23.243419,-16.902999
-0.978684,-14.800165
20.937151,-1.558888
6.800491,20.139432
24.874480,5.068008
-1.659848,-7.152772
49.585347,32.386453
-4.988941,16.362920
6.108639,-19.283176
33.755392,32.085820
10.477992,-25.707047
-26.823683,15.242461
13.319807,-18.431243
-22.857479,16.266388
16.831585,-3.055242
-13.281611,22.126822
7.506012,5.905087
9.247091,14.265090
-0.565118,18.101815
-14.642780,-17.253678
49.885403,42.906460
11.422579,9.562583
1.590342,-16.301155
9.472807,9.433413
9.324423,-14.517544
19.050714,-21.788012
-13.825125,17.981352
7.569215,-6.904629
-7.213408,-0.806258
31.324049,35.551262
6.330994,11.100957
38.503479,37.882850
24.294785,-10.750956
16.639583,22.275585
11.968510,-8.826779
-17.063423,13.527590
41.029499,39.083036
-22.500732,21.682847
13.865964,4.847282
16.124212,-10.192624
-13.053344,11.639018
54.364757,44.822472
19.141341,-6.615760
-19.519113,-12.750354
-0.024842,-22.031811
15.868919,-6.002992
-23.875329,21.539722
11.665381,14.125163
37.180244,54.024389
32.371796,48.964020
5.721015,2.091156
8.246141,-5.586638
3.373960,-17.027176
-7.325987,12.874192
12.304931,-8.141109
-18.872427,25.674246
-5.395829,-14.692602
-23.395957,24.419913
14.978981,-19.985687
14.299470,8.009085
16.049398,3.459621
-10.546815,21.521374
15.956325,-20.875250
12.614510,10.676683
-20.827755,18.802764
3.842029,-10.679061
13.319674,-14.454442
-25.272191,12.507963
-19.245060,13.612249
3.780960,-14.917245
35.949800,34.765386
67.537129,43.392064
-1.610836,-4.553761
-13.988085,-13.936586
-1.117087,2.189010
-1.624642,-2.137073
-30.849994,13.708061
11.801305,8.795178
-6.068834,-14.243229
-10.803177,0.772913
-10.554109,-2.023287
19.377857,-2.820471
12.658029,2.646526
21.248016,10.868982
-19.235716,17.527555
-3.192762,-23.309178
15.651243,7.342191
-23.284722,21.320032
30.783721,31.114364
5.528511,-5.546418
-7.782950,-20.382518
-22.454901,17.974146
7.069824,12.281606
19.589614,3.306910
-18.717086,13.208617
-24.412145,5.128128
-14.470477,-1.124854
-0.323868,12.488350
-20.872685,4.688779
-13.539335,20.525258
-22.960869,12.707345
-4.699950,16.235329
-10.137103,-14.499221
-28.982243,19.853737
-26.096254,-18.323991
15.484748,-26.119866
2.520296,17.445810
17.422095,19.570744
37.305350,28.084969
44.791833,34.833777
12.274137,9.482725
44.654553,36.123512
39.986791,33.246987
2.643071,-23.142766
-6.998089,17.482376
19.511947,3.290337
-4.613418,-1.518440
-15.330297,-16.346172
3.041586,-22.083527
-1.490125,20.504914
-12.648183,14.690476
38.647282,40.156319
-1.391513,-15.121941
-23.692851,19.772849
35.666972,37.965230
-5.851632,16.262280
-5.611650,5.341442
-10.538472,-19.758850
23.371307,-5.031455
5.457078,6.984350
-18.356517,-1.374484
-24.326640,17.010441
43.208444,44.424517
-7.706111,-10.476398
19.277394,-7.562692
-20.249035,28.186077
29.875079,68.029000
14.315354,-1.238701
11.894576,9.459397
-22.914319,23.902215
11.274744,17.482339
2.662793,-21.312138
22.764288,11.206936
46.288711,37.957680
14.010283,-12.364765
9.414381,3.564806
5.322948,-12.054819
8.000360,-17.523149
-8.256416,15.007057
2.131120,1.627799
-1.344272,5.015650
-14.957615,-21.413714
13.162479,12.719333
-22.679734,10.121851
1.737957,-12.337068
-7.610943,23.158724
39.445993,51.333884
34.352173,47.169798
6.959332,-14.144524
6.336023,16.600567
9.884946,7.841597
-11.089366,29.214476
-27.482341,9.582642
14.380280,-6.563742
40.252690,30.684876
13.626204,14.991559
-14.541891,-12.041403
51.010448,29.458147
45.277890,38.982574
42.607306,44.781210
-19.163157,-15.274212
4.868494,-13.370486
14.564630,-10.807222
-0.703439,-4.250233
19.239393,-2.365205
-23.350211,8.431052
-7.934979,-8.657543
40.085247,33.873855
10.879432,-1.640201
10.169999,1.706084
-7.787456,7.149859
8.476486,-4.732313
40.537433,45.563862
-4.169531,-8.790373
38.565006,60.393536
2.663721,-20.827935
12.917270,-6.737619
47.182483,50.695816
34.474984,45.839798
-10.471896,-3.959897
14.535523,-18.601989
53.284227,41.430302
5.574016,19.232947
-16.361239,20.971497
43.232023,48.816514
13.482795,-9.105549
-20.827796,23.129037
3.862007,21.543780
-3.334074,14.577963
-19.974239,11.923716
-2.241374,-19.103371
-23.586978,-23.877011
-5.184997,4.573439
12.834903,9.792406
10.033053,5.048547
0.609190,19.469035
-14.654872,24.044216
-14.862075,-15.144304
29.429010,48.292673
8.936279,8.321522
1.463037,12.375767
-7.169487,-18.445625
-19.018710,-12.048170
38.121827,42.414444
4.203311,17.028069
-7.929855,14.690865
-18.302205,26.511672
37.941745,34.791449
-7.692997,2.892177
3.476507,7.177710
40.964172,35.990964
-0.559109,-10.754397
-27.946062,12.107310
-7.932548,8.065297
-5.849839,3.776718
-22.220966,15.843030
29.567674,34.692310
-3.711078,12.197052
-14.814814,-6.931311
6.924366,12.767579
-13.139192,11.876384
-14.529081,-2.885824
8.681146,-14.514581
-16.817393,11.685650
9.196621,3.587363
12.453070,-14.139078
9.331808,4.553691
-22.358399,-4.855551
43.747811,27.226093
10.523342,-11.356176
-2.684560,-8.676475
-16.986559,10.910353
43.160436,36.556358
18.895886,41.037666
-21.311707,-7.057932
33.105530,44.553994
-1.854260,-20.098863
-13.121191,-11.992196
-10.526163,-6.675040
47.321947,54.832731
-14.642984,7.963342
16.231099,10.856119
50.213185,57.777359
24.319168,47.345140
21.659471,-4.918407
22.956044,41.289314
-9.573853,2.806763
-1.831524,-13.733287
-20.295047,12.636256
-10.434162,-10.327982
-18.531796,26.761776
-16.456257,-5.581402
36.039387,44.224983
36.058011,43.893109
-15.738649,8.618587
6.438874,-12.420246
5.365089,5.821430
-9.962924,7.293925
-20.567078,23.014288
27.976622,14.861535
6.085145,7.640756
-5.626742,19.773663
19.876201,-13.802319
-18.779521,-9.204904
34.084813,30.911077
-8.215803,-13.378146
15.486620,16.341042
6.032933,0.381207
-12.803135,-7.469173
9.507566,-8.629767
-8.799405,25.665049
15.032830,3.182490
5.015747,-10.949651
20.448355,8.294393
51.484349,41.377389
15.988539,-10.647932
17.577055,13.299642
9.670450,4.864133
16.921936,10.499948
-5.614036,-15.537211
8.714733,-15.052448
-19.510706,-1.223799
13.919951,13.462412
2.788873,9.566248
5.788349,-1.591135
-19.019688,-15.220924
7.788649,17.722436
14.706401,-19.090801
40.592230,47.014783
-14.571320,17.960492
47.605001,55.230039
38.900443,45.829722
9.737932,-23.840691
-16.955646,21.550322
5.658905,16.844120
9.881399,-8.126136
-15.358411,16.398681
5.937827,-18.224869
15.933813,1.942538
-8.852486,-11.493190
-16.652723,11.638852
-9.215290,11.551209
11.902930,-5.758746
19.885285,9.583395
11.299313,13.384710
-27.834390,9.160247
-22.292379,29.960765
-9.479453,16.605575
18.076638,13.379824
13.776524,3.346326
-14.811276,11.014875
-16.561011,26.515819
-17.144728,-2.625047
-0.334218,-17.081385
39.662297,38.922209
37.052499,41.976287
-13.606408,-23.353492
9.244510,-14.000827
-16.525342,14.545059
16.286620,-3.804832
4.786258,0.414205
43.772766,33.209318
18.600199,-12.196149
16.504651,-4.466543
41.931077,42.931097
-10.398104,-3.414817
30.562937,51.373625
12.485752,10.336359
8.556487,4.000987
-20.365371,-11.502151
-3.748044,20.179587
-30.213375,19.089805
32.166960,42.669087
5.346910,0.889171
10.216910,8.331707
10.047374,0.157934
-1.209582,8.410483
8.574231,10.097915
-7.381381,-7.038360
-23.841358,9.459325
18.250147,-2.391622
-23.156765,24.400516
37.515737,28.333981
-16.455670,11.964547
4.004622,9.103941
-7.813629,4.636515
-15.728435,6.460298
-12.551613,-13.877661
3.067529,-11.421520
10.559888,-4.166860
-10.026859,4.821830
-26.319547,17.060402
-13.555613,0.084670
5.146155,5.939142
-2.398583,-12.329473
11.222001,-17.220093
-14.633070,-6.137699
10.986458,11.523429
18.210701,1.450600
-15.966817,8.463972
35.668189,57.203973
-20.073124,22.872764
4.781326,7.058943
6.441019,5.078616
-19.132162,25.790427
-8.935836,-7.797687
38.737249,23.566685
-3.175885,-4.387080
-8.566429,29.489800
-19.996326,7.920220
-22.666530,22.065631
-14.110551,12.405401
31.021443,34.060532
-15.655988,-10.071052
0.186930,19.887482
-0.863861,6.289374
-2.693006,21.330826
12.380842,-4.397970
-19.373206,-13.147012
-13.188864,-7.751350
-4.876618,5.713029
13.904037,9.783933
2.896805,-17.653529
-5.283450,-6.791177
-16.695289,19.463405
25.558833,10.008296
-20.143646,14.675141
12.609413,-4.754374
37.332583,35.549020
13.505063,-1.844329
-10.066011,-5.988976
-11.538380,15.699006
-7.567402,-1.438180
0.474622,13.891663
18.394658,3.317698
0.386532,-3.433748
8.192725,15.322081
15.497317,9.525397
-14.403035,21.846804
28.805471,38.642753
22.979939,5.353004
-7.200231,-9.440183
8.657303,-8.622680
-5.725966,5.559676
12.922497,-11.966022
9.117295,0.830349
46.827233,45.444198
-13.915951,19.424187
46.543430,20.354572
12.503252,-25.585846
50.938581,39.759239
34.802028,-8.830870
29.678007,37.342706
12.398374,4.832985
11.802932,7.587939
6.742390,0.884233
3.200602,10.479247
8.932887,-15.817484
7.457825,5.684605
6.478083,19.105035
-12.403012,-11.802687
36.103206,49.792585
21.644156,7.972708
13.583768,-23.142581
37.628929,40.158164
-17.665195,13.774549
-18.329815,-5.361057
4.791052,-3.771331
11.886844,13.094088
18.570082,8.469660
15.900635,21.939749
-11.898269,-4.365879
-14.335404,9.916403
18.560754,11.047968
26.142612,-11.445711
45.071052,43.405924
34.220775,43.812921
-7.982651,3.244154
-16.037324,12.961702
11.242575,-32.659186
48.845158,42.873741
-13.017160,-17.169544
-9.220520,-15.780490
-8.131554,-2.998677
-3.954197,-11.480653
46.483908,40.354418
8.544958,16.747101
-26.451440,10.452852
4.061105,12.427643
34.044267,36.231246
0.746158,0.629497
7.315774,-13.346827
24.855312,-4.393106
4.520292,-3.442861
3.226747,-4.107481
-8.574271,-11.559597
-24.863705,17.117840
-17.963433,-1.854913
2.107033,7.635238
14.457541,-12.972538
40.598256,48.938525
-16.342793,30.409400
4.337123,12.861752
-13.332357,16.688745
-1.729150,-14.255124
51.775425,41.187284
-0.736084,10.046917
4.224440,17.831430
-17.983531,-5.649921
49.656966,33.237642
-8.773925,19.168570
49.405505,35.986611
12.515508,-2.691445
28.633180,37.399702
-5.732532,6.147664
-5.193171,-8.302519
9.192407,6.209174
11.405687,-0.301719
3.200598,1.885070
14.912308,-10.988269
12.757891,8.860323
6.682247,-5.391890
-7.111146,-12.796752
-32.344432,-5.179229
19.378324,2.339594
18.721027,8.117685
15.347299,-13.502471
-9.823409,-3.313424
-23.666477,-16.379457
-15.628152,-6.015595
4.751506,1.843488
11.848072,-7.657506
-11.456980,-0.022332
20.196422,-11.865787
57.470194,38.478112
12.566943,24.540379
-6.749276,6.497572
28.013575,43.222846
-5.668900,23.347775
-24.630386,-15.856218
-6.059764,-25.182067
6.206616,-11.295369
2.318611,17.072319
2.114263,22.819480
33.148455,25.480839
-0.860233,6.686214
-5.589677,-13.802677
35.049731,40.473857
13.378818,-0.808194
-10.255278,-12.107529
-5.083370,23.615943
-6.040943,-24.148793
-11.383369,19.549748
36.426475,21.302859
41.642770,34.312441
-1.530429,-11.972851
11.975650,-2.609183
-11.862348,16.916507
-19.927060,-6.144956
-12.166860,-14.919005
36.993549,36.001239
37.260718,43.241811
0.909393,9.304481
-10.602322,-14.629643
14.664090,-8.666783
41.764734,24.829849
17.568789,-0.093694
-4.097836,6.937841
4.391510,11.219777
0.822328,-5.687537
-20.090785,-18.216443
18.575692,-11.816825
-4.357522,-15.194677
-21.268231,-24.875165
11.102882,-9.340250
0.692002,-19.762731
-13.428320,25.206548
-15.620158,-16.476281
-12.068517,1.626610
-6.740304,-2.268829
-15.681925,6.649945
5.974794,5.621790
10.678988,-5.240596
3.371088,9.878023
48.044685,28.333947
-1.700437,4.627583
34.651763,31.167277
38.025080,33.835253
15.099861,8.071741
-8.255790,-8.383912
2.390208,-16.328247
7.034525,21.724020
-13.119086,-7.191661
5.439695,2.038900
15.401288,-7.053988
-18.445022,19.939347
42.875410,46.034197
34.502266,39.423987
43.446056,45.000574
17.790450,7.801240
9.195003,-9.815837
-15.107378,-9.004468
-16.217112,-12.746419
-19.484106,8.195694
40.069277,49.240287
7.952758,3.820428
-0.158763,-8.167910
-2.636562,-20.935567
5.072435,18.302738
16.003121,-5.432965
39.958148,43.672004
-10.862124,-16.391326
2.708525,-6.500785
6.278231,-7.115875
2.927742,7.493088
-10.015280,-14.045993
11.318791,1.599318
17.801657,-11.544366
10.187368,19.062430
-13.277493,-17.356026
-21.244393,19.597246
34.703367,33.977436
-13.180393,9.388883
-15.338052,20.830826
36.436776,41.122038
-14.416916,9.726127
23.410170,27.873798
5.875440,15.357199
-1.212303,21.129401
-8.265895,13.853607
-15.003054,11.081917
6.866218,0.693739
17.873633,7.233760
-10.639733,15.968392
28.521939,29.151068
10.149919,6.798898
38.006967,35.170454
7.609728,-17.564276
-6.077859,-8.639771
3.605665,-12.592690
-20.243101,-2.519364
-14.345026,-8.333600
18.814929,-23.444213
35.714040,24.418655
8.981981,-11.204183
16.178758,3.668154
40.428630,39.212383
26.333274,34.297434
10.827794,17.105134
-29.158112,-26.416648
-1.718539,-9.884104
14.564661,13.392856
4.004510,11.037775
9.320669,-7.108423
45.066138,29.329149
43.338684,42.257546
33.312409,46.565334
5.462340,18.542499
16.168965,-0.260579
-5.966295,7.579732
-1.675268,11.060148
-18.785681,16.449851
39.376202,37.166523
6.439281,16.721612
39.857666,38.402653
-20.062836,-15.751769
14.906395,11.861414
-7.090856,-0.706235
-18.092868,-16.638072
-25.191033,11.720909
-17.628809,-17.112266
-4.413832,-2.507378
36.171126,42.881885
0.920110,6.864630
49.149789,39.255319
43.190825,38.899788
11.269411,15.081566
-21.120450,22.756794
19.483529,12.926504
-3.309647,10.552612
9.935058,-11.277774
12.456591,-14.660572
10.728812,11.326245
12.932734,-3.428233
-15.744949,-17.817133
49.805326,34.339570
-19.107517,14.283262
-24.810055,13.367558
-12.050332,-4.730497
36.242916,38.716892
33.450797,33.749766
27.070400,14.035888
17.366882,-2.967690
-10.881267,-1.227401
-8.095099,-18.908926
-8.999341,3.413892
-13.250425,-0.529452
-7.352975,-5.083118
-15.658147,-9.162536
-16.562864,0.104090
13.206352,23.544373
7.878782,-4.392478
35.334870,38.704647
-20.457451,-7.894746
8.576270,2.234979
6.388997,-20.461470
-2.527084,-13.363016
-2.412444,3.344047
1.812007,16.037360
-11.041464,-17.346745
10.548300,-15.706465
-24.626472,4.875035
-22.354196,15.166735
7.328870,23.301885
35.580303,34.911344
-7.548738,-12.063744
2.263926,-11.134729
1.824308,-31.965053
42.458560,29.171294
-5.428853,-16.112887
41.477764,36.247769
11.963867,-10.510793
40.901566,32.204479
5.539167,-10.165928
9.642061,7.317944
16.313650,-3.046773
13.870682,12.803822
38.069733,33.653786
9.082841,-1.909911
-15.424134,-2.614449
30.056031,41.185188
32.855206,54.004882
0.722601,-17.672499
-2.963431,18.018876
-17.158173,21.601186
2.308199,15.594155
20.159664,-18.109870
11.249161,-16.863531
33.811105,22.292129
-22.736331,20.448037
43.969467,34.558434
13.612814,10.790154
17.629951,-1.987169
-20.685903,14.330087
4.985979,-8.802499
20.446311,-8.706954
11.402089,25.764452
-13.983219,-34.206902
-4.695307,16.786633
-11.006278,-19.786125
15.360517,3.206082
-8.620109,13.502363
1.846772,-1.585682
19.975852,-5.479486
6.132945,-5.266100
0.320149,-9.860026
-21.155863,11.416246
-25.071777,23.806949
34.618765,35.099518
18.185212,12.695766
16.212621,18.037950
-12.889149,28.200455
-16.410943,23.424089
0.881432,-15.000066
-22.273730,15.737980
7.876269,10.438358
3.843762,8.990239
-17.181112,-17.907156
-10.752147,1.643839
19.220814,6.050024
6.445800,0.580172
51.549601,30.319368
6.472891,-11.098370
3.388962,-10.951855
32.375316,28.316386
-7.980726,21.227006
-21.843216,11.967637
-3.354678,7.418143
-5.571555,-2.651656
7.742053,-12.361321
7.046318,22.232293
4.025222,-19.355183
34.546022,30.273376
-0.152367,4.419658
39.636199,42.629107
31.342883,52.201806
16.558815,7.765463
12.219699,-8.158413
54.229020,52.594500
31.990438,-24.004352
-3.199043,26.727845
33.450396,38.439301
3.349258,-9.798035
-18.008043,26.148894
1.460000,-11.463132
36.984713,37.227086
-18.432838,15.706469
5.667264,14.157768
-15.729149,-24.273016
9.142763,2.773379
